"a [mm]","Alpha1 [deg]","Beta1 [deg]","Dphia [deg]","Dthetaa [deg]","Freq [GHz]","Gamma1 [deg]","h [mm]","Hprobe [mm]","numseg []","phip1 [deg]","rprobe [mm]","Rteflon [mm]","Theta [deg]","thetap1 [deg]","Phi [deg]","dB(AxialRatioValue) []"
100,0,0,33.3295,33.5702,1.57542,0,1.524,15.07,19,94.5545,0.65,2.05,90,95.5823,-180,6.81204677909472
100,0,0,33.3295,33.5702,1.57542,0,1.524,15.07,19,94.5545,0.65,2.05,90,95.5823,-179,6.98955575199808
100,0,0,33.3295,33.5702,1.57542,0,1.524,15.07,19,94.5545,0.65,2.05,90,95.5823,-178,7.17336863702954
100,0,0,33.3295,33.5702,1.57542,0,1.524,15.07,19,94.5545,0.65,2.05,90,95.5823,-177,7.36456990530503
100,0,0,33.3295,33.5702,1.57542,0,1.524,15.07,19,94.5545,0.65,2.05,90,95.5823,-176,7.56430056859805
100,0,0,33.3295,33.5702,1.57542,0,1.524,15.07,19,94.5545,0.65,2.05,90,95.5823,-175,7.77372743082875
100,0,0,33.3295,33.5702,1.57542,0,1.524,15.07,19,94.5545,0.65,2.05,90,95.5823,-174,7.99400530170701
100,0,0,33.3295,33.5702,1.57542,0,1.524,15.07,19,94.5545,0.65,2.05,90,95.5823,-173,8.22623333751762
100,0,0,33.3295,33.5702,1.57542,0,1.524,15.07,19,94.5545,0.65,2.05,90,95.5823,-172,8.47140752250845
100,0,0,33.3295,33.5702,1.57542,0,1.524,15.07,19,94.5545,0.65,2.05,90,95.5823,-171,8.7303721019971
100,0,0,33.3295,33.5702,1.57542,0,1.524,15.07,19,94.5545,0.65,2.05,90,95.5823,-170,9.00377337589764
100,0,0,33.3295,33.5702,1.57542,0,1.524,15.07,19,94.5545,0.65,2.05,90,95.5823,-169,9.29201950967303
100,0,0,33.3295,33.5702,1.57542,0,1.524,15.07,19,94.5545,0.65,2.05,90,95.5823,-168,9.59524980624372
100,0,0,33.3295,33.5702,1.57542,0,1.524,15.07,19,94.5545,0.65,2.05,90,95.5823,-167,9.91331616671717
100,0,0,33.3295,33.5702,1.57542,0,1.524,15.07,19,94.5545,0.65,2.05,90,95.5823,-166,10.2457783037094
100,0,0,33.3295,33.5702,1.57542,0,1.524,15.07,19,94.5545,0.65,2.05,90,95.5823,-165,10.5919128058827
100,0,0,33.3295,33.5702,1.57542,0,1.524,15.07,19,94.5545,0.65,2.05,90,95.5823,-164,10.9507346013633
100,0,0,33.3295,33.5702,1.57542,0,1.524,15.07,19,94.5545,0.65,2.05,90,95.5823,-163,11.3210279692496
100,0,0,33.3295,33.5702,1.57542,0,1.524,15.07,19,94.5545,0.65,2.05,90,95.5823,-162,11.7013832127539
100,0,0,33.3295,33.5702,1.57542,0,1.524,15.07,19,94.5545,0.65,2.05,90,95.5823,-161,12.0902345742173
100,0,0,33.3295,33.5702,1.57542,0,1.524,15.07,19,94.5545,0.65,2.05,90,95.5823,-160,12.4858949871295
100,0,0,33.3295,33.5702,1.57542,0,1.524,15.07,19,94.5545,0.65,2.05,90,95.5823,-159,12.886583776767
100,0,0,33.3295,33.5702,1.57542,0,1.524,15.07,19,94.5545,0.65,2.05,90,95.5823,-158,13.2904443223397
100,0,0,33.3295,33.5702,1.57542,0,1.524,15.07,19,94.5545,0.65,2.05,90,95.5823,-157,13.6955498276027
100,0,0,33.3295,33.5702,1.57542,0,1.524,15.07,19,94.5545,0.65,2.05,90,95.5823,-156,14.0998965633784
100,0,0,33.3295,33.5702,1.57542,0,1.524,15.07,19,94.5545,0.65,2.05,90,95.5823,-155,14.5013851253108
100,0,0,33.3295,33.5702,1.57542,0,1.524,15.07,19,94.5545,0.65,2.05,90,95.5823,-154,14.8977913225979
100,0,0,33.3295,33.5702,1.57542,0,1.524,15.07,19,94.5545,0.65,2.05,90,95.5823,-153,15.2867292582497
100,0,0,33.3295,33.5702,1.57542,0,1.524,15.07,19,94.5545,0.65,2.05,90,95.5823,-152,15.6656099989202
100,0,0,33.3295,33.5702,1.57542,0,1.524,15.07,19,94.5545,0.65,2.05,90,95.5823,-151,16.0316000038614
100,0,0,33.3295,33.5702,1.57542,0,1.524,15.07,19,94.5545,0.65,2.05,90,95.5823,-150,16.3815842250354
100,0,0,33.3295,33.5702,1.57542,0,1.524,15.07,19,94.5545,0.65,2.05,90,95.5823,-149,16.7121395088123
100,0,0,33.3295,33.5702,1.57542,0,1.524,15.07,19,94.5545,0.65,2.05,90,95.5823,-148,17.0195245698675
100,0,0,33.3295,33.5702,1.57542,0,1.524,15.07,19,94.5545,0.65,2.05,90,95.5823,-147,17.2996932356246
100,0,0,33.3295,33.5702,1.57542,0,1.524,15.07,19,94.5545,0.65,2.05,90,95.5823,-146,17.5483376532237
100,0,0,33.3295,33.5702,1.57542,0,1.524,15.07,19,94.5545,0.65,2.05,90,95.5823,-145,17.7609674204101
100,0,0,33.3295,33.5702,1.57542,0,1.524,15.07,19,94.5545,0.65,2.05,90,95.5823,-144,17.9330288472984
100,0,0,33.3295,33.5702,1.57542,0,1.524,15.07,19,94.5545,0.65,2.05,90,95.5823,-143,18.0600655767573
100,0,0,33.3295,33.5702,1.57542,0,1.524,15.07,19,94.5545,0.65,2.05,90,95.5823,-142,18.1379176346171
100,0,0,33.3295,33.5702,1.57542,0,1.524,15.07,19,94.5545,0.65,2.05,90,95.5823,-141,18.1629510963526
100,0,0,33.3295,33.5702,1.57542,0,1.524,15.07,19,94.5545,0.65,2.05,90,95.5823,-140,18.1323058822171
100,0,0,33.3295,33.5702,1.57542,0,1.524,15.07,19,94.5545,0.65,2.05,90,95.5823,-139,18.0441460892214
100,0,0,33.3295,33.5702,1.57542,0,1.524,15.07,19,94.5545,0.65,2.05,90,95.5823,-138,17.8978972524323
100,0,0,33.3295,33.5702,1.57542,0,1.524,15.07,19,94.5545,0.65,2.05,90,95.5823,-137,17.694459242888
100,0,0,33.3295,33.5702,1.57542,0,1.524,15.07,19,94.5545,0.65,2.05,90,95.5823,-136,17.4363926970861
100,0,0,33.3295,33.5702,1.57542,0,1.524,15.07,19,94.5545,0.65,2.05,90,95.5823,-135,17.1280905795681
100,0,0,33.3295,33.5702,1.57542,0,1.524,15.07,19,94.5545,0.65,2.05,90,95.5823,-134,16.7759636657263
100,0,0,33.3295,33.5702,1.57542,0,1.524,15.07,19,94.5545,0.65,2.05,90,95.5823,-133,16.3886882655625
100,0,0,33.3295,33.5702,1.57542,0,1.524,15.07,19,94.5545,0.65,2.05,90,95.5823,-132,15.9775858983047
100,0,0,33.3295,33.5702,1.57542,0,1.524,15.07,19,94.5545,0.65,2.05,90,95.5823,-131,15.5572285130338
100,0,0,33.3295,33.5702,1.57542,0,1.524,15.07,19,94.5545,0.65,2.05,90,95.5823,-130,15.146391012019
100,0,0,33.3295,33.5702,1.57542,0,1.524,15.07,19,94.5545,0.65,2.05,90,95.5823,-129,14.7695080349884
100,0,0,33.3295,33.5702,1.57542,0,1.524,15.07,19,94.5545,0.65,2.05,90,95.5823,-128,14.4588398939849
100,0,0,33.3295,33.5702,1.57542,0,1.524,15.07,19,94.5545,0.65,2.05,90,95.5823,-127,14.2576345868512
100,0,0,33.3295,33.5702,1.57542,0,1.524,15.07,19,94.5545,0.65,2.05,90,95.5823,-126,14.2247781055933
100,0,0,33.3295,33.5702,1.57542,0,1.524,15.07,19,94.5545,0.65,2.05,90,95.5823,-125,14.4420863240145
100,0,0,33.3295,33.5702,1.57542,0,1.524,15.07,19,94.5545,0.65,2.05,90,95.5823,-124,15.0276393150752
100,0,0,33.3295,33.5702,1.57542,0,1.524,15.07,19,94.5545,0.65,2.05,90,95.5823,-123,16.1662968559658
100,0,0,33.3295,33.5702,1.57542,0,1.524,15.07,19,94.5545,0.65,2.05,90,95.5823,-122,18.1983166122301
100,0,0,33.3295,33.5702,1.57542,0,1.524,15.07,19,94.5545,0.65,2.05,90,95.5823,-121,21.9661882750385
100,0,0,33.3295,33.5702,1.57542,0,1.524,15.07,19,94.5545,0.65,2.05,90,95.5823,-120,31.5444890146814
100,0,0,33.3295,33.5702,1.57542,0,1.524,15.07,19,94.5545,0.65,2.05,90,95.5823,-119,29.133612842235
100,0,0,33.3295,33.5702,1.57542,0,1.524,15.07,19,94.5545,0.65,2.05,90,95.5823,-118,19.8126206962251
100,0,0,33.3295,33.5702,1.57542,0,1.524,15.07,19,94.5545,0.65,2.05,90,95.5823,-117,15.2450118040328
100,0,0,33.3295,33.5702,1.57542,0,1.524,15.07,19,94.5545,0.65,2.05,90,95.5823,-116,12.2198999326632
100,0,0,33.3295,33.5702,1.57542,0,1.524,15.07,19,94.5545,0.65,2.05,90,95.5823,-115,9.99233395505929
100,0,0,33.3295,33.5702,1.57542,0,1.524,15.07,19,94.5545,0.65,2.05,90,95.5823,-114,8.26093244255706
100,0,0,33.3295,33.5702,1.57542,0,1.524,15.07,19,94.5545,0.65,2.05,90,95.5823,-113,6.87069383805848
100,0,0,33.3295,33.5702,1.57542,0,1.524,15.07,19,94.5545,0.65,2.05,90,95.5823,-112,5.73015377007809
100,0,0,33.3295,33.5702,1.57542,0,1.524,15.07,19,94.5545,0.65,2.05,90,95.5823,-111,4.78039937247035
100,0,0,33.3295,33.5702,1.57542,0,1.524,15.07,19,94.5545,0.65,2.05,90,95.5823,-110,3.98118965422468
100,0,0,33.3295,33.5702,1.57542,0,1.524,15.07,19,94.5545,0.65,2.05,90,95.5823,-109,3.30392935179633
100,0,0,33.3295,33.5702,1.57542,0,1.524,15.07,19,94.5545,0.65,2.05,90,95.5823,-108,2.72780233058598
100,0,0,33.3295,33.5702,1.57542,0,1.524,15.07,19,94.5545,0.65,2.05,90,95.5823,-107,2.23753981099124
100,0,0,33.3295,33.5702,1.57542,0,1.524,15.07,19,94.5545,0.65,2.05,90,95.5823,-106,1.82213589509591
100,0,0,33.3295,33.5702,1.57542,0,1.524,15.07,19,94.5545,0.65,2.05,90,95.5823,-105,1.47418310522894
100,0,0,33.3295,33.5702,1.57542,0,1.524,15.07,19,94.5545,0.65,2.05,90,95.5823,-104,1.18963321450444
100,0,0,33.3295,33.5702,1.57542,0,1.524,15.07,19,94.5545,0.65,2.05,90,95.5823,-103,0.96767402030071
100,0,0,33.3295,33.5702,1.57542,0,1.524,15.07,19,94.5545,0.65,2.05,90,95.5823,-102,0.809832040728137
100,0,0,33.3295,33.5702,1.57542,0,1.524,15.07,19,94.5545,0.65,2.05,90,95.5823,-101,0.716607654648393
100,0,0,33.3295,33.5702,1.57542,0,1.524,15.07,19,94.5545,0.65,2.05,90,95.5823,-100,0.681712360425749
100,0,0,33.3295,33.5702,1.57542,0,1.524,15.07,19,94.5545,0.65,2.05,90,95.5823,-99,0.689885885679167
100,0,0,33.3295,33.5702,1.57542,0,1.524,15.07,19,94.5545,0.65,2.05,90,95.5823,-98,0.722530877277625
100,0,0,33.3295,33.5702,1.57542,0,1.524,15.07,19,94.5545,0.65,2.05,90,95.5823,-97,0.764375554858473
100,0,0,33.3295,33.5702,1.57542,0,1.524,15.07,19,94.5545,0.65,2.05,90,95.5823,-96,0.805373418064146
100,0,0,33.3295,33.5702,1.57542,0,1.524,15.07,19,94.5545,0.65,2.05,90,95.5823,-95,0.839559233418526
100,0,0,33.3295,33.5702,1.57542,0,1.524,15.07,19,94.5545,0.65,2.05,90,95.5823,-94,0.86349553179016
100,0,0,33.3295,33.5702,1.57542,0,1.524,15.07,19,94.5545,0.65,2.05,90,95.5823,-93,0.87516776758313
100,0,0,33.3295,33.5702,1.57542,0,1.524,15.07,19,94.5545,0.65,2.05,90,95.5823,-92,0.873320350786302
100,0,0,33.3295,33.5702,1.57542,0,1.524,15.07,19,94.5545,0.65,2.05,90,95.5823,-91,0.857074808567915
100,0,0,33.3295,33.5702,1.57542,0,1.524,15.07,19,94.5545,0.65,2.05,90,95.5823,-90,0.825708690481359
100,0,0,33.3295,33.5702,1.57542,0,1.524,15.07,19,94.5545,0.65,2.05,90,95.5823,-89,0.778523181943479
100,0,0,33.3295,33.5702,1.57542,0,1.524,15.07,19,94.5545,0.65,2.05,90,95.5823,-88,0.714759876923315
100,0,0,33.3295,33.5702,1.57542,0,1.524,15.07,19,94.5545,0.65,2.05,90,95.5823,-87,0.633546636974662
100,0,0,33.3295,33.5702,1.57542,0,1.524,15.07,19,94.5545,0.65,2.05,90,95.5823,-86,0.533867610175061
100,0,0,33.3295,33.5702,1.57542,0,1.524,15.07,19,94.5545,0.65,2.05,90,95.5823,-85,0.414582398386557
100,0,0,33.3295,33.5702,1.57542,0,1.524,15.07,19,94.5545,0.65,2.05,90,95.5823,-84,0.274685820765127
100,0,0,33.3295,33.5702,1.57542,0,1.524,15.07,19,94.5545,0.65,2.05,90,95.5823,-83,0.116472095496552
100,0,0,33.3295,33.5702,1.57542,0,1.524,15.07,19,94.5545,0.65,2.05,90,95.5823,-82,0.098618387946431
100,0,0,33.3295,33.5702,1.57542,0,1.524,15.07,19,94.5545,0.65,2.05,90,95.5823,-81,0.308107637211716
100,0,0,33.3295,33.5702,1.57542,0,1.524,15.07,19,94.5545,0.65,2.05,90,95.5823,-80,0.556926045810029
100,0,0,33.3295,33.5702,1.57542,0,1.524,15.07,19,94.5545,0.65,2.05,90,95.5823,-79,0.842538149052286
100,0,0,33.3295,33.5702,1.57542,0,1.524,15.07,19,94.5545,0.65,2.05,90,95.5823,-78,1.16909290214981
100,0,0,33.3295,33.5702,1.57542,0,1.524,15.07,19,94.5545,0.65,2.05,90,95.5823,-77,1.54234060352358
100,0,0,33.3295,33.5702,1.57542,0,1.524,15.07,19,94.5545,0.65,2.05,90,95.5823,-76,1.96952536820795
100,0,0,33.3295,33.5702,1.57542,0,1.524,15.07,19,94.5545,0.65,2.05,90,95.5823,-75,2.45971608694593
100,0,0,33.3295,33.5702,1.57542,0,1.524,15.07,19,94.5545,0.65,2.05,90,95.5823,-74,3.02436212108358
100,0,0,33.3295,33.5702,1.57542,0,1.524,15.07,19,94.5545,0.65,2.05,90,95.5823,-73,3.67812369547011
100,0,0,33.3295,33.5702,1.57542,0,1.524,15.07,19,94.5545,0.65,2.05,90,95.5823,-72,4.44012465382359
100,0,0,33.3295,33.5702,1.57542,0,1.524,15.07,19,94.5545,0.65,2.05,90,95.5823,-71,5.33590954622759
100,0,0,33.3295,33.5702,1.57542,0,1.524,15.07,19,94.5545,0.65,2.05,90,95.5823,-70,6.40065317153505
100,0,0,33.3295,33.5702,1.57542,0,1.524,15.07,19,94.5545,0.65,2.05,90,95.5823,-69,7.68476617916499
100,0,0,33.3295,33.5702,1.57542,0,1.524,15.07,19,94.5545,0.65,2.05,90,95.5823,-68,9.26452433071869
100,0,0,33.3295,33.5702,1.57542,0,1.524,15.07,19,94.5545,0.65,2.05,90,95.5823,-67,11.2645755764794
100,0,0,33.3295,33.5702,1.57542,0,1.524,15.07,19,94.5545,0.65,2.05,90,95.5823,-66,13.9136202487265
100,0,0,33.3295,33.5702,1.57542,0,1.524,15.07,19,94.5545,0.65,2.05,90,95.5823,-65,17.7194691909039
100,0,0,33.3295,33.5702,1.57542,0,1.524,15.07,19,94.5545,0.65,2.05,90,95.5823,-64,24.330974422021
100,0,0,33.3295,33.5702,1.57542,0,1.524,15.07,19,94.5545,0.65,2.05,90,95.5823,-63,47.6120864341759
100,0,0,33.3295,33.5702,1.57542,0,1.524,15.07,19,94.5545,0.65,2.05,90,95.5823,-62,24.1050648858054
100,0,0,33.3295,33.5702,1.57542,0,1.524,15.07,19,94.5545,0.65,2.05,90,95.5823,-61,19.0441948333238
100,0,0,33.3295,33.5702,1.57542,0,1.524,15.07,19,94.5545,0.65,2.05,90,95.5823,-60,16.4482419335342
100,0,0,33.3295,33.5702,1.57542,0,1.524,15.07,19,94.5545,0.65,2.05,90,95.5823,-59,14.9689712372274
100,0,0,33.3295,33.5702,1.57542,0,1.524,15.07,19,94.5545,0.65,2.05,90,95.5823,-58,14.1520124336256
100,0,0,33.3295,33.5702,1.57542,0,1.524,15.07,19,94.5545,0.65,2.05,90,95.5823,-57,13.7728075547276
100,0,0,33.3295,33.5702,1.57542,0,1.524,15.07,19,94.5545,0.65,2.05,90,95.5823,-56,13.6943386596136
100,0,0,33.3295,33.5702,1.57542,0,1.524,15.07,19,94.5545,0.65,2.05,90,95.5823,-55,13.8231524923047
100,0,0,33.3295,33.5702,1.57542,0,1.524,15.07,19,94.5545,0.65,2.05,90,95.5823,-54,14.0922091663122
100,0,0,33.3295,33.5702,1.57542,0,1.524,15.07,19,94.5545,0.65,2.05,90,95.5823,-53,14.4523678451933
100,0,0,33.3295,33.5702,1.57542,0,1.524,15.07,19,94.5545,0.65,2.05,90,95.5823,-52,14.8671504424849
100,0,0,33.3295,33.5702,1.57542,0,1.524,15.07,19,94.5545,0.65,2.05,90,95.5823,-51,15.3091301670345
100,0,0,33.3295,33.5702,1.57542,0,1.524,15.07,19,94.5545,0.65,2.05,90,95.5823,-50,15.7573672700487
100,0,0,33.3295,33.5702,1.57542,0,1.524,15.07,19,94.5545,0.65,2.05,90,95.5823,-49,16.1956095107483
100,0,0,33.3295,33.5702,1.57542,0,1.524,15.07,19,94.5545,0.65,2.05,90,95.5823,-48,16.6110628996224
100,0,0,33.3295,33.5702,1.57542,0,1.524,15.07,19,94.5545,0.65,2.05,90,95.5823,-47,16.993580080657
100,0,0,33.3295,33.5702,1.57542,0,1.524,15.07,19,94.5545,0.65,2.05,90,95.5823,-46,17.3351450006186
100,0,0,33.3295,33.5702,1.57542,0,1.524,15.07,19,94.5545,0.65,2.05,90,95.5823,-45,17.6295583092536
100,0,0,33.3295,33.5702,1.57542,0,1.524,15.07,19,94.5545,0.65,2.05,90,95.5823,-44,17.8722487775858
100,0,0,33.3295,33.5702,1.57542,0,1.524,15.07,19,94.5545,0.65,2.05,90,95.5823,-43,18.060153001652
100,0,0,33.3295,33.5702,1.57542,0,1.524,15.07,19,94.5545,0.65,2.05,90,95.5823,-42,18.1916202789285
100,0,0,33.3295,33.5702,1.57542,0,1.524,15.07,19,94.5545,0.65,2.05,90,95.5823,-41,18.2663129408648
100,0,0,33.3295,33.5702,1.57542,0,1.524,15.07,19,94.5545,0.65,2.05,90,95.5823,-40,18.2850849434928
100,0,0,33.3295,33.5702,1.57542,0,1.524,15.07,19,94.5545,0.65,2.05,90,95.5823,-39,18.2498327428302
100,0,0,33.3295,33.5702,1.57542,0,1.524,15.07,19,94.5545,0.65,2.05,90,95.5823,-38,18.1633215867951
100,0,0,33.3295,33.5702,1.57542,0,1.524,15.07,19,94.5545,0.65,2.05,90,95.5823,-37,18.0289965763774
100,0,0,33.3295,33.5702,1.57542,0,1.524,15.07,19,94.5545,0.65,2.05,90,95.5823,-36,17.8507908605907
100,0,0,33.3295,33.5702,1.57542,0,1.524,15.07,19,94.5545,0.65,2.05,90,95.5823,-35,17.6329433911256
100,0,0,33.3295,33.5702,1.57542,0,1.524,15.07,19,94.5545,0.65,2.05,90,95.5823,-34,17.3798365154352
100,0,0,33.3295,33.5702,1.57542,0,1.524,15.07,19,94.5545,0.65,2.05,90,95.5823,-33,17.0958603022144
100,0,0,33.3295,33.5702,1.57542,0,1.524,15.07,19,94.5545,0.65,2.05,90,95.5823,-32,16.7853067977094
100,0,0,33.3295,33.5702,1.57542,0,1.524,15.07,19,94.5545,0.65,2.05,90,95.5823,-31,16.4522940972703
100,0,0,33.3295,33.5702,1.57542,0,1.524,15.07,19,94.5545,0.65,2.05,90,95.5823,-30,16.1007175719685
100,0,0,33.3295,33.5702,1.57542,0,1.524,15.07,19,94.5545,0.65,2.05,90,95.5823,-29,15.7342239301266
100,0,0,33.3295,33.5702,1.57542,0,1.524,15.07,19,94.5545,0.65,2.05,90,95.5823,-28,15.3562029469128
100,0,0,33.3295,33.5702,1.57542,0,1.524,15.07,19,94.5545,0.65,2.05,90,95.5823,-27,14.9697914994642
100,0,0,33.3295,33.5702,1.57542,0,1.524,15.07,19,94.5545,0.65,2.05,90,95.5823,-26,14.5778848226495
100,0,0,33.3295,33.5702,1.57542,0,1.524,15.07,19,94.5545,0.65,2.05,90,95.5823,-25,14.1831505030019
100,0,0,33.3295,33.5702,1.57542,0,1.524,15.07,19,94.5545,0.65,2.05,90,95.5823,-24,13.7880415507876
100,0,0,33.3295,33.5702,1.57542,0,1.524,15.07,19,94.5545,0.65,2.05,90,95.5823,-23,13.3948058645545
100,0,0,33.3295,33.5702,1.57542,0,1.524,15.07,19,94.5545,0.65,2.05,90,95.5823,-22,13.0054904780669
100,0,0,33.3295,33.5702,1.57542,0,1.524,15.07,19,94.5545,0.65,2.05,90,95.5823,-21,12.6219401007888
100,0,0,33.3295,33.5702,1.57542,0,1.524,15.07,19,94.5545,0.65,2.05,90,95.5823,-20,12.2457905535798
100,0,0,33.3295,33.5702,1.57542,0,1.524,15.07,19,94.5545,0.65,2.05,90,95.5823,-19,11.878458659655
100,0,0,33.3295,33.5702,1.57542,0,1.524,15.07,19,94.5545,0.65,2.05,90,95.5823,-18,11.5211308621935
100,0,0,33.3295,33.5702,1.57542,0,1.524,15.07,19,94.5545,0.65,2.05,90,95.5823,-17,11.1747532004905
100,0,0,33.3295,33.5702,1.57542,0,1.524,15.07,19,94.5545,0.65,2.05,90,95.5823,-16,10.8400252242203
100,0,0,33.3295,33.5702,1.57542,0,1.524,15.07,19,94.5545,0.65,2.05,90,95.5823,-15,10.5173999652965
100,0,0,33.3295,33.5702,1.57542,0,1.524,15.07,19,94.5545,0.65,2.05,90,95.5823,-14,10.2070913003223
100,0,0,33.3295,33.5702,1.57542,0,1.524,15.07,19,94.5545,0.65,2.05,90,95.5823,-13,9.90908906848638
100,0,0,33.3295,33.5702,1.57542,0,1.524,15.07,19,94.5545,0.65,2.05,90,95.5823,-12,9.62318133589461
100,0,0,33.3295,33.5702,1.57542,0,1.524,15.07,19,94.5545,0.65,2.05,90,95.5823,-11,9.3489823832058
100,0,0,33.3295,33.5702,1.57542,0,1.524,15.07,19,94.5545,0.65,2.05,90,95.5823,-10,9.08596445707381
100,0,0,33.3295,33.5702,1.57542,0,1.524,15.07,19,94.5545,0.65,2.05,90,95.5823,-9,8.83349111669751
100,0,0,33.3295,33.5702,1.57542,0,1.524,15.07,19,94.5545,0.65,2.05,90,95.5823,-8,8.59085010503187
100,0,0,33.3295,33.5702,1.57542,0,1.524,15.07,19,94.5545,0.65,2.05,90,95.5823,-7,8.35728400806654
100,0,0,33.3295,33.5702,1.57542,0,1.524,15.07,19,94.5545,0.65,2.05,90,95.5823,-6,8.13201743721786
100,0,0,33.3295,33.5702,1.57542,0,1.524,15.07,19,94.5545,0.65,2.05,90,95.5823,-5,7.9142799815608
100,0,0,33.3295,33.5702,1.57542,0,1.524,15.07,19,94.5545,0.65,2.05,90,95.5823,-4,7.70332464965769
100,0,0,33.3295,33.5702,1.57542,0,1.524,15.07,19,94.5545,0.65,2.05,90,95.5823,-3,7.49844190466524
100,0,0,33.3295,33.5702,1.57542,0,1.524,15.07,19,94.5545,0.65,2.05,90,95.5823,-2,7.29896966928635
100,0,0,33.3295,33.5702,1.57542,0,1.524,15.07,19,94.5545,0.65,2.05,90,95.5823,-1,7.10429983995488
100,0,0,33.3295,33.5702,1.57542,0,1.524,15.07,19,94.5545,0.65,2.05,90,95.5823,0,6.91388191823092
100,0,0,33.3295,33.5702,1.57542,0,1.524,15.07,19,94.5545,0.65,2.05,90,95.5823,1,6.72722436460386
100,0,0,33.3295,33.5702,1.57542,0,1.524,15.07,19,94.5545,0.65,2.05,90,95.5823,2,6.54389422960312
100,0,0,33.3295,33.5702,1.57542,0,1.524,15.07,19,94.5545,0.65,2.05,90,95.5823,3,6.36351554033209
100,0,0,33.3295,33.5702,1.57542,0,1.524,15.07,19,94.5545,0.65,2.05,90,95.5823,4,6.18576683369348
100,0,0,33.3295,33.5702,1.57542,0,1.524,15.07,19,94.5545,0.65,2.05,90,95.5823,5,6.01037814214671
100,0,0,33.3295,33.5702,1.57542,0,1.524,15.07,19,94.5545,0.65,2.05,90,95.5823,6,5.83712766091134
100,0,0,33.3295,33.5702,1.57542,0,1.524,15.07,19,94.5545,0.65,2.05,90,95.5823,7,5.66583826071169
100,0,0,33.3295,33.5702,1.57542,0,1.524,15.07,19,94.5545,0.65,2.05,90,95.5823,8,5.49637395856492
100,0,0,33.3295,33.5702,1.57542,0,1.524,15.07,19,94.5545,0.65,2.05,90,95.5823,9,5.32863642024628
100,0,0,33.3295,33.5702,1.57542,0,1.524,15.07,19,94.5545,0.65,2.05,90,95.5823,10,5.16256154047846
100,0,0,33.3295,33.5702,1.57542,0,1.524,15.07,19,94.5545,0.65,2.05,90,95.5823,11,4.99811612868843
100,0,0,33.3295,33.5702,1.57542,0,1.524,15.07,19,94.5545,0.65,2.05,90,95.5823,12,4.83529471732089
100,0,0,33.3295,33.5702,1.57542,0,1.524,15.07,19,94.5545,0.65,2.05,90,95.5823,13,4.67411650421763
100,0,0,33.3295,33.5702,1.57542,0,1.524,15.07,19,94.5545,0.65,2.05,90,95.5823,14,4.51462243866481
100,0,0,33.3295,33.5702,1.57542,0,1.524,15.07,19,94.5545,0.65,2.05,90,95.5823,15,4.35687246080645
100,0,0,33.3295,33.5702,1.57542,0,1.524,15.07,19,94.5545,0.65,2.05,90,95.5823,16,4.20094290491374
100,0,0,33.3295,33.5702,1.57542,0,1.524,15.07,19,94.5545,0.65,2.05,90,95.5823,17,4.04692407745564
100,0,0,33.3295,33.5702,1.57542,0,1.524,15.07,19,94.5545,0.65,2.05,90,95.5823,18,3.89491802028619
100,0,0,33.3295,33.5702,1.57542,0,1.524,15.07,19,94.5545,0.65,2.05,90,95.5823,19,3.74503646707626
100,0,0,33.3295,33.5702,1.57542,0,1.524,15.07,19,94.5545,0.65,2.05,90,95.5823,20,3.59739899717215
100,0,0,33.3295,33.5702,1.57542,0,1.524,15.07,19,94.5545,0.65,2.05,90,95.5823,21,3.45213138540934
100,0,0,33.3295,33.5702,1.57542,0,1.524,15.07,19,94.5545,0.65,2.05,90,95.5823,22,3.30936413932611
100,0,0,33.3295,33.5702,1.57542,0,1.524,15.07,19,94.5545,0.65,2.05,90,95.5823,23,3.16923120717243
100,0,0,33.3295,33.5702,1.57542,0,1.524,15.07,19,94.5545,0.65,2.05,90,95.5823,24,3.03186883171053
100,0,0,33.3295,33.5702,1.57542,0,1.524,15.07,19,94.5545,0.65,2.05,90,95.5823,25,2.89741451676253
100,0,0,33.3295,33.5702,1.57542,0,1.524,15.07,19,94.5545,0.65,2.05,90,95.5823,26,2.76600606653526
100,0,0,33.3295,33.5702,1.57542,0,1.524,15.07,19,94.5545,0.65,2.05,90,95.5823,27,2.63778065269089
100,0,0,33.3295,33.5702,1.57542,0,1.524,15.07,19,94.5545,0.65,2.05,90,95.5823,28,2.51287386162453
100,0,0,33.3295,33.5702,1.57542,0,1.524,15.07,19,94.5545,0.65,2.05,90,95.5823,29,2.39141867504243
100,0,0,33.3295,33.5702,1.57542,0,1.524,15.07,19,94.5545,0.65,2.05,90,95.5823,30,2.27354434114205
100,0,0,33.3295,33.5702,1.57542,0,1.524,15.07,19,94.5545,0.65,2.05,90,95.5823,31,2.15937510172654
100,0,0,33.3295,33.5702,1.57542,0,1.524,15.07,19,94.5545,0.65,2.05,90,95.5823,32,2.04902875246587
100,0,0,33.3295,33.5702,1.57542,0,1.524,15.07,19,94.5545,0.65,2.05,90,95.5823,33,1.94261502902047
100,0,0,33.3295,33.5702,1.57542,0,1.524,15.07,19,94.5545,0.65,2.05,90,95.5823,34,1.84023383037268
100,0,0,33.3295,33.5702,1.57542,0,1.524,15.07,19,94.5545,0.65,2.05,90,95.5823,35,1.74197331167978
100,0,0,33.3295,33.5702,1.57542,0,1.524,15.07,19,94.5545,0.65,2.05,90,95.5823,36,1.64790790118963
100,0,0,33.3295,33.5702,1.57542,0,1.524,15.07,19,94.5545,0.65,2.05,90,95.5823,37,1.55809631787236
100,0,0,33.3295,33.5702,1.57542,0,1.524,15.07,19,94.5545,0.65,2.05,90,95.5823,38,1.47257968676938
100,0,0,33.3295,33.5702,1.57542,0,1.524,15.07,19,94.5545,0.65,2.05,90,95.5823,39,1.39137986575593
100,0,0,33.3295,33.5702,1.57542,0,1.524,15.07,19,94.5545,0.65,2.05,90,95.5823,40,1.31449810839108
100,0,0,33.3295,33.5702,1.57542,0,1.524,15.07,19,94.5545,0.65,2.05,90,95.5823,41,1.24191419067087
100,0,0,33.3295,33.5702,1.57542,0,1.524,15.07,19,94.5545,0.65,2.05,90,95.5823,42,1.17358612280719
100,0,0,33.3295,33.5702,1.57542,0,1.524,15.07,19,94.5545,0.65,2.05,90,95.5823,43,1.10945054902219
100,0,0,33.3295,33.5702,1.57542,0,1.524,15.07,19,94.5545,0.65,2.05,90,95.5823,44,1.0494239078934
100,0,0,33.3295,33.5702,1.57542,0,1.524,15.07,19,94.5545,0.65,2.05,90,95.5823,45,0.993404383240858
100,0,0,33.3295,33.5702,1.57542,0,1.524,15.07,19,94.5545,0.65,2.05,90,95.5823,46,0.941274622588535
100,0,0,33.3295,33.5702,1.57542,0,1.524,15.07,19,94.5545,0.65,2.05,90,95.5823,47,0.892905140163676
100,0,0,33.3295,33.5702,1.57542,0,1.524,15.07,19,94.5545,0.65,2.05,90,95.5823,48,0.84815825906241
100,0,0,33.3295,33.5702,1.57542,0,1.524,15.07,19,94.5545,0.65,2.05,90,95.5823,49,0.806892388556944
100,0,0,33.3295,33.5702,1.57542,0,1.524,15.07,19,94.5545,0.65,2.05,90,95.5823,50,0.768966383877146
100,0,0,33.3295,33.5702,1.57542,0,1.524,15.07,19,94.5545,0.65,2.05,90,95.5823,51,0.734243703001717
100,0,0,33.3295,33.5702,1.57542,0,1.524,15.07,19,94.5545,0.65,2.05,90,95.5823,52,0.702596062643582
100,0,0,33.3295,33.5702,1.57542,0,1.524,15.07,19,94.5545,0.65,2.05,90,95.5823,53,0.673906306695313
100,0,0,33.3295,33.5702,1.57542,0,1.524,15.07,19,94.5545,0.65,2.05,90,95.5823,54,0.648070236365298
100,0,0,33.3295,33.5702,1.57542,0,1.524,15.07,19,94.5545,0.65,2.05,90,95.5823,55,0.624997212370908
100,0,0,33.3295,33.5702,1.57542,0,1.524,15.07,19,94.5545,0.65,2.05,90,95.5823,56,0.604609425221688
100,0,0,33.3295,33.5702,1.57542,0,1.524,15.07,19,94.5545,0.65,2.05,90,95.5823,57,0.586839837810595
100,0,0,33.3295,33.5702,1.57542,0,1.524,15.07,19,94.5545,0.65,2.05,90,95.5823,58,0.571628930401562
100,0,0,33.3295,33.5702,1.57542,0,1.524,15.07,19,94.5545,0.65,2.05,90,95.5823,59,0.558920511813257
100,0,0,33.3295,33.5702,1.57542,0,1.524,15.07,19,94.5545,0.65,2.05,90,95.5823,60,0.548656985513037
100,0,0,33.3295,33.5702,1.57542,0,1.524,15.07,19,94.5545,0.65,2.05,90,95.5823,61,0.540774552455581
100,0,0,33.3295,33.5702,1.57542,0,1.524,15.07,19,94.5545,0.65,2.05,90,95.5823,62,0.535198868756698
100,0,0,33.3295,33.5702,1.57542,0,1.524,15.07,19,94.5545,0.65,2.05,90,95.5823,63,0.531841636672112
100,0,0,33.3295,33.5702,1.57542,0,1.524,15.07,19,94.5545,0.65,2.05,90,95.5823,64,0.530598488219372
100,0,0,33.3295,33.5702,1.57542,0,1.524,15.07,19,94.5545,0.65,2.05,90,95.5823,65,0.531348339608433
100,0,0,33.3295,33.5702,1.57542,0,1.524,15.07,19,94.5545,0.65,2.05,90,95.5823,66,0.533954187813864
100,0,0,33.3295,33.5702,1.57542,0,1.524,15.07,19,94.5545,0.65,2.05,90,95.5823,67,0.538265132738066
100,0,0,33.3295,33.5702,1.57542,0,1.524,15.07,19,94.5545,0.65,2.05,90,95.5823,68,0.544119277500922
100,0,0,33.3295,33.5702,1.57542,0,1.524,15.07,19,94.5545,0.65,2.05,90,95.5823,69,0.551347104973013
100,0,0,33.3295,33.5702,1.57542,0,1.524,15.07,19,94.5545,0.65,2.05,90,95.5823,70,0.55977494806381
100,0,0,33.3295,33.5702,1.57542,0,1.524,15.07,19,94.5545,0.65,2.05,90,95.5823,71,0.569228244572313
100,0,0,33.3295,33.5702,1.57542,0,1.524,15.07,19,94.5545,0.65,2.05,90,95.5823,72,0.579534367286087
100,0,0,33.3295,33.5702,1.57542,0,1.524,15.07,19,94.5545,0.65,2.05,90,95.5823,73,0.590524921267627
100,0,0,33.3295,33.5702,1.57542,0,1.524,15.07,19,94.5545,0.65,2.05,90,95.5823,74,0.6020374855707
100,0,0,33.3295,33.5702,1.57542,0,1.524,15.07,19,94.5545,0.65,2.05,90,95.5823,75,0.613916837906689
100,0,0,33.3295,33.5702,1.57542,0,1.524,15.07,19,94.5545,0.65,2.05,90,95.5823,76,0.626015737452066
100,0,0,33.3295,33.5702,1.57542,0,1.524,15.07,19,94.5545,0.65,2.05,90,95.5823,77,0.638195357010707
100,0,0,33.3295,33.5702,1.57542,0,1.524,15.07,19,94.5545,0.65,2.05,90,95.5823,78,0.65032545684864
100,0,0,33.3295,33.5702,1.57542,0,1.524,15.07,19,94.5545,0.65,2.05,90,95.5823,79,0.662284384323753
100,0,0,33.3295,33.5702,1.57542,0,1.524,15.07,19,94.5545,0.65,2.05,90,95.5823,80,0.673958970484606
100,0,0,33.3295,33.5702,1.57542,0,1.524,15.07,19,94.5545,0.65,2.05,90,95.5823,81,0.685244380318416
100,0,0,33.3295,33.5702,1.57542,0,1.524,15.07,19,94.5545,0.65,2.05,90,95.5823,82,0.696043959280929
100,0,0,33.3295,33.5702,1.57542,0,1.524,15.07,19,94.5545,0.65,2.05,90,95.5823,83,0.706269106202666
100,0,0,33.3295,33.5702,1.57542,0,1.524,15.07,19,94.5545,0.65,2.05,90,95.5823,84,0.715839192066629
100,0,0,33.3295,33.5702,1.57542,0,1.524,15.07,19,94.5545,0.65,2.05,90,95.5823,85,0.72468153553865
100,0,0,33.3295,33.5702,1.57542,0,1.524,15.07,19,94.5545,0.65,2.05,90,95.5823,86,0.732731439345389
100,0,0,33.3295,33.5702,1.57542,0,1.524,15.07,19,94.5545,0.65,2.05,90,95.5823,87,0.73993228639018
100,0,0,33.3295,33.5702,1.57542,0,1.524,15.07,19,94.5545,0.65,2.05,90,95.5823,88,0.746235690609264
100,0,0,33.3295,33.5702,1.57542,0,1.524,15.07,19,94.5545,0.65,2.05,90,95.5823,89,0.751601694752176
100,0,0,33.3295,33.5702,1.57542,0,1.524,15.07,19,94.5545,0.65,2.05,90,95.5823,90,0.755999005305173
100,0,0,33.3295,33.5702,1.57542,0,1.524,15.07,19,94.5545,0.65,2.05,90,95.5823,91,0.759405253488428
100,0,0,33.3295,33.5702,1.57542,0,1.524,15.07,19,94.5545,0.65,2.05,90,95.5823,92,0.761807270503801
100,0,0,33.3295,33.5702,1.57542,0,1.524,15.07,19,94.5545,0.65,2.05,90,95.5823,93,0.763201364880775
100,0,0,33.3295,33.5702,1.57542,0,1.524,15.07,19,94.5545,0.65,2.05,90,95.5823,94,0.763593589780398
100,0,0,33.3295,33.5702,1.57542,0,1.524,15.07,19,94.5545,0.65,2.05,90,95.5823,95,0.762999988409739
100,0,0,33.3295,33.5702,1.57542,0,1.524,15.07,19,94.5545,0.65,2.05,90,95.5823,96,0.761446806230342
100,0,0,33.3295,33.5702,1.57542,0,1.524,15.07,19,94.5545,0.65,2.05,90,95.5823,97,0.758970659383773
100,0,0,33.3295,33.5702,1.57542,0,1.524,15.07,19,94.5545,0.65,2.05,90,95.5823,98,0.755618649688235
100,0,0,33.3295,33.5702,1.57542,0,1.524,15.07,19,94.5545,0.65,2.05,90,95.5823,99,0.751448417670851
100,0,0,33.3295,33.5702,1.57542,0,1.524,15.07,19,94.5545,0.65,2.05,90,95.5823,100,0.746528126383449
100,0,0,33.3295,33.5702,1.57542,0,1.524,15.07,19,94.5545,0.65,2.05,90,95.5823,101,0.740936370200736
100,0,0,33.3295,33.5702,1.57542,0,1.524,15.07,19,94.5545,0.65,2.05,90,95.5823,102,0.73476200440947
100,0,0,33.3295,33.5702,1.57542,0,1.524,15.07,19,94.5545,0.65,2.05,90,95.5823,103,0.728103893155078
100,0,0,33.3295,33.5702,1.57542,0,1.524,15.07,19,94.5545,0.65,2.05,90,95.5823,104,0.721070575195807
100,0,0,33.3295,33.5702,1.57542,0,1.524,15.07,19,94.5545,0.65,2.05,90,95.5823,105,0.713779848893166
100,0,0,33.3295,33.5702,1.57542,0,1.524,15.07,19,94.5545,0.65,2.05,90,95.5823,106,0.706358279891661
100,0,0,33.3295,33.5702,1.57542,0,1.524,15.07,19,94.5545,0.65,2.05,90,95.5823,107,0.698940636942114
100,0,0,33.3295,33.5702,1.57542,0,1.524,15.07,19,94.5545,0.65,2.05,90,95.5823,108,0.691669263205865
100,0,0,33.3295,33.5702,1.57542,0,1.524,15.07,19,94.5545,0.65,2.05,90,95.5823,109,0.684693392017745
100,0,0,33.3295,33.5702,1.57542,0,1.524,15.07,19,94.5545,0.65,2.05,90,95.5823,110,0.678168417327864
100,0,0,33.3295,33.5702,1.57542,0,1.524,15.07,19,94.5545,0.65,2.05,90,95.5823,111,0.672255129707247
100,0,0,33.3295,33.5702,1.57542,0,1.524,15.07,19,94.5545,0.65,2.05,90,95.5823,112,0.667118928699004
100,0,0,33.3295,33.5702,1.57542,0,1.524,15.07,19,94.5545,0.65,2.05,90,95.5823,113,0.662929021257093
100,0,0,33.3295,33.5702,1.57542,0,1.524,15.07,19,94.5545,0.65,2.05,90,95.5823,114,0.659857613935889
100,0,0,33.3295,33.5702,1.57542,0,1.524,15.07,19,94.5545,0.65,2.05,90,95.5823,115,0.658079103399355
100,0,0,33.3295,33.5702,1.57542,0,1.524,15.07,19,94.5545,0.65,2.05,90,95.5823,116,0.657769265921399
100,0,0,33.3295,33.5702,1.57542,0,1.524,15.07,19,94.5545,0.65,2.05,90,95.5823,117,0.659104442295019
100,0,0,33.3295,33.5702,1.57542,0,1.524,15.07,19,94.5545,0.65,2.05,90,95.5823,118,0.66226071063874
100,0,0,33.3295,33.5702,1.57542,0,1.524,15.07,19,94.5545,0.65,2.05,90,95.5823,119,0.667413036831542
100,0,0,33.3295,33.5702,1.57542,0,1.524,15.07,19,94.5545,0.65,2.05,90,95.5823,120,0.674734391580676
100,0,0,33.3295,33.5702,1.57542,0,1.524,15.07,19,94.5545,0.65,2.05,90,95.5823,121,0.68439482508175
100,0,0,33.3295,33.5702,1.57542,0,1.524,15.07,19,94.5545,0.65,2.05,90,95.5823,122,0.696560495077659
100,0,0,33.3295,33.5702,1.57542,0,1.524,15.07,19,94.5545,0.65,2.05,90,95.5823,123,0.711392651465372
100,0,0,33.3295,33.5702,1.57542,0,1.524,15.07,19,94.5545,0.65,2.05,90,95.5823,124,0.729046589421086
100,0,0,33.3295,33.5702,1.57542,0,1.524,15.07,19,94.5545,0.65,2.05,90,95.5823,125,0.749670591854978
100,0,0,33.3295,33.5702,1.57542,0,1.524,15.07,19,94.5545,0.65,2.05,90,95.5823,126,0.77340488930078
100,0,0,33.3295,33.5702,1.57542,0,1.524,15.07,19,94.5545,0.65,2.05,90,95.5823,127,0.800380669820745
100,0,0,33.3295,33.5702,1.57542,0,1.524,15.07,19,94.5545,0.65,2.05,90,95.5823,128,0.830719172495814
100,0,0,33.3295,33.5702,1.57542,0,1.524,15.07,19,94.5545,0.65,2.05,90,95.5823,129,0.864530895637786
100,0,0,33.3295,33.5702,1.57542,0,1.524,15.07,19,94.5545,0.65,2.05,90,95.5823,130,0.901914945691479
100,0,0,33.3295,33.5702,1.57542,0,1.524,15.07,19,94.5545,0.65,2.05,90,95.5823,131,0.942958545927913
100,0,0,33.3295,33.5702,1.57542,0,1.524,15.07,19,94.5545,0.65,2.05,90,95.5823,132,0.987736716521151
100,0,0,33.3295,33.5702,1.57542,0,1.524,15.07,19,94.5545,0.65,2.05,90,95.5823,133,1.03631213026366
100,0,0,33.3295,33.5702,1.57542,0,1.524,15.07,19,94.5545,0.65,2.05,90,95.5823,134,1.08873514144765
100,0,0,33.3295,33.5702,1.57542,0,1.524,15.07,19,94.5545,0.65,2.05,90,95.5823,135,1.14504397940681
100,0,0,33.3295,33.5702,1.57542,0,1.524,15.07,19,94.5545,0.65,2.05,90,95.5823,136,1.20526509272826
100,0,0,33.3295,33.5702,1.57542,0,1.524,15.07,19,94.5545,0.65,2.05,90,95.5823,137,1.26941362499368
100,0,0,33.3295,33.5702,1.57542,0,1.524,15.07,19,94.5545,0.65,2.05,90,95.5823,138,1.33749399795944
100,0,0,33.3295,33.5702,1.57542,0,1.524,15.07,19,94.5545,0.65,2.05,90,95.5823,139,1.40950057338061
100,0,0,33.3295,33.5702,1.57542,0,1.524,15.07,19,94.5545,0.65,2.05,90,95.5823,140,1.48541836047259
100,0,0,33.3295,33.5702,1.57542,0,1.524,15.07,19,94.5545,0.65,2.05,90,95.5823,141,1.5652237327118
100,0,0,33.3295,33.5702,1.57542,0,1.524,15.07,19,94.5545,0.65,2.05,90,95.5823,142,1.64888511583214
100,0,0,33.3295,33.5702,1.57542,0,1.524,15.07,19,94.5545,0.65,2.05,90,95.5823,143,1.73636360900904
100,0,0,33.3295,33.5702,1.57542,0,1.524,15.07,19,94.5545,0.65,2.05,90,95.5823,144,1.82761350377239
100,0,0,33.3295,33.5702,1.57542,0,1.524,15.07,19,94.5545,0.65,2.05,90,95.5823,145,1.92258267039799
100,0,0,33.3295,33.5702,1.57542,0,1.524,15.07,19,94.5545,0.65,2.05,90,95.5823,146,2.02121278938318
100,0,0,33.3295,33.5702,1.57542,0,1.524,15.07,19,94.5545,0.65,2.05,90,95.5823,147,2.12343941582486
100,0,0,33.3295,33.5702,1.57542,0,1.524,15.07,19,94.5545,0.65,2.05,90,95.5823,148,2.22919187652127
100,0,0,33.3295,33.5702,1.57542,0,1.524,15.07,19,94.5545,0.65,2.05,90,95.5823,149,2.3383930126358
100,0,0,33.3295,33.5702,1.57542,0,1.524,15.07,19,94.5545,0.65,2.05,90,95.5823,150,2.45095879387869
100,0,0,33.3295,33.5702,1.57542,0,1.524,15.07,19,94.5545,0.65,2.05,90,95.5823,151,2.56679784244716
100,0,0,33.3295,33.5702,1.57542,0,1.524,15.07,19,94.5545,0.65,2.05,90,95.5823,152,2.68581091556413
100,0,0,33.3295,33.5702,1.57542,0,1.524,15.07,19,94.5545,0.65,2.05,90,95.5823,153,2.80789040370369
100,0,0,33.3295,33.5702,1.57542,0,1.524,15.07,19,94.5545,0.65,2.05,90,95.5823,154,2.93291990707198
100,0,0,33.3295,33.5702,1.57542,0,1.524,15.07,19,94.5545,0.65,2.05,90,95.5823,155,3.06077395549879
100,0,0,33.3295,33.5702,1.57542,0,1.524,15.07,19,94.5545,0.65,2.05,90,95.5823,156,3.19131793674808
100,0,0,33.3295,33.5702,1.57542,0,1.524,15.07,19,94.5545,0.65,2.05,90,95.5823,157,3.32440829577973
100,0,0,33.3295,33.5702,1.57542,0,1.524,15.07,19,94.5545,0.65,2.05,90,95.5823,158,3.45989306327774
100,0,0,33.3295,33.5702,1.57542,0,1.524,15.07,19,94.5545,0.65,2.05,90,95.5823,159,3.59761276648777
100,0,0,33.3295,33.5702,1.57542,0,1.524,15.07,19,94.5545,0.65,2.05,90,95.5823,160,3.73740176977354
100,0,0,33.3295,33.5702,1.57542,0,1.524,15.07,19,94.5545,0.65,2.05,90,95.5823,161,3.87909008692885
100,0,0,33.3295,33.5702,1.57542,0,1.524,15.07,19,94.5545,0.65,2.05,90,95.5823,162,4.02250570264073
100,0,0,33.3295,33.5702,1.57542,0,1.524,15.07,19,94.5545,0.65,2.05,90,95.5823,163,4.1674774368484
100,0,0,33.3295,33.5702,1.57542,0,1.524,15.07,19,94.5545,0.65,2.05,90,95.5823,164,4.31383838308116
100,0,0,33.3295,33.5702,1.57542,0,1.524,15.07,19,94.5545,0.65,2.05,90,95.5823,165,4.46142994988299
100,0,0,33.3295,33.5702,1.57542,0,1.524,15.07,19,94.5545,0.65,2.05,90,95.5823,166,4.61010653250349
100,0,0,33.3295,33.5702,1.57542,0,1.524,15.07,19,94.5545,0.65,2.05,90,95.5823,167,4.75974083914737
100,0,0,33.3295,33.5702,1.57542,0,1.524,15.07,19,94.5545,0.65,2.05,90,95.5823,168,4.91022989082191
100,0,0,33.3295,33.5702,1.57542,0,1.524,15.07,19,94.5545,0.65,2.05,90,95.5823,169,5.06150170437179
100,0,0,33.3295,33.5702,1.57542,0,1.524,15.07,19,94.5545,0.65,2.05,90,95.5823,170,5.21352265236999
100,0,0,33.3295,33.5702,1.57542,0,1.524,15.07,19,94.5545,0.65,2.05,90,95.5823,171,5.36630546844319
100,0,0,33.3295,33.5702,1.57542,0,1.524,15.07,19,94.5545,0.65,2.05,90,95.5823,172,5.51991782930157
100,0,0,33.3295,33.5702,1.57542,0,1.524,15.07,19,94.5545,0.65,2.05,90,95.5823,173,5.67449139198753
100,0,0,33.3295,33.5702,1.57542,0,1.524,15.07,19,94.5545,0.65,2.05,90,95.5823,174,5.83023109358034
100,0,0,33.3295,33.5702,1.57542,0,1.524,15.07,19,94.5545,0.65,2.05,90,95.5823,175,5.98742442841507
100,0,0,33.3295,33.5702,1.57542,0,1.524,15.07,19,94.5545,0.65,2.05,90,95.5823,176,6.14645030394543
100,0,0,33.3295,33.5702,1.57542,0,1.524,15.07,19,94.5545,0.65,2.05,90,95.5823,177,6.30778694253991
100,0,0,33.3295,33.5702,1.57542,0,1.524,15.07,19,94.5545,0.65,2.05,90,95.5823,178,6.47201814874128
100,0,0,33.3295,33.5702,1.57542,0,1.524,15.07,19,94.5545,0.65,2.05,90,95.5823,179,6.63983711163669
100,0,0,33.3295,33.5702,1.57542,0,1.524,15.07,19,94.5545,0.65,2.05,90,95.5823,180,6.81204677909471
