"a [mm]","Alpha1 [deg]","Beta1 [deg]","Dphia [deg]","Dthetaa [deg]","Freq [GHz]","Gamma1 [deg]","h [mm]","Hprobe [mm]","numseg []","phip1 [deg]","rprobe [mm]","Rteflon [mm]","Theta [deg]","thetap1 [deg]","Phi [deg]","dB(GainLHCP) []","dB(GainRHCP) []"
100,0,0,33.3212,33.5657,1.57542,0,1.524,15.07,19,94.5327,0.65,2.05,90,95.5768,-180,-4.31997143545415,-13.280154700304
100,0,0,33.3212,33.5657,1.57542,0,1.524,15.07,19,94.5327,0.65,2.05,90,95.5768,-179,-4.54540552563564,-13.316530139724
100,0,0,33.3212,33.5657,1.57542,0,1.524,15.07,19,94.5327,0.65,2.05,90,95.5768,-178,-4.77105038339911,-13.3573451341835
100,0,0,33.3212,33.5657,1.57542,0,1.524,15.07,19,94.5327,0.65,2.05,90,95.5768,-177,-4.99605228330904,-13.4004958325372
100,0,0,33.3212,33.5657,1.57542,0,1.524,15.07,19,94.5327,0.65,2.05,90,95.5768,-176,-5.21948617381506,-13.4436428502485
100,0,0,33.3212,33.5657,1.57542,0,1.524,15.07,19,94.5327,0.65,2.05,90,95.5768,-175,-5.44036419578006,-13.4842386853523
100,0,0,33.3212,33.5657,1.57542,0,1.524,15.07,19,94.5327,0.65,2.05,90,95.5768,-174,-5.65764782473535,-13.5195760623519
100,0,0,33.3212,33.5657,1.57542,0,1.524,15.07,19,94.5327,0.65,2.05,90,95.5768,-173,-5.87026392533585,-13.5468601184787
100,0,0,33.3212,33.5657,1.57542,0,1.524,15.07,19,94.5327,0.65,2.05,90,95.5768,-172,-6.07712480084313,-13.5633052039785
100,0,0,33.3212,33.5657,1.57542,0,1.524,15.07,19,94.5327,0.65,2.05,90,95.5768,-171,-6.2771520418217,-13.5662537979537
100,0,0,33.3212,33.5657,1.57542,0,1.524,15.07,19,94.5327,0.65,2.05,90,95.5768,-170,-6.46930363778624,-13.5533109183271
100,0,0,33.3212,33.5657,1.57542,0,1.524,15.07,19,94.5327,0.65,2.05,90,95.5768,-169,-6.65260343917347,-13.5224831245824
100,0,0,33.3212,33.5657,1.57542,0,1.524,15.07,19,94.5327,0.65,2.05,90,95.5768,-168,-6.82617168584656,-13.4723078420807
100,0,0,33.3212,33.5657,1.57542,0,1.524,15.07,19,94.5327,0.65,2.05,90,95.5768,-167,-6.98925500554576,-13.4019574572536
100,0,0,33.3212,33.5657,1.57542,0,1.524,15.07,19,94.5327,0.65,2.05,90,95.5768,-166,-7.14125408898816,-13.3113043049146
100,0,0,33.3212,33.5657,1.57542,0,1.524,15.07,19,94.5327,0.65,2.05,90,95.5768,-165,-7.28174721870785,-13.2009373933272
100,0,0,33.3212,33.5657,1.57542,0,1.524,15.07,19,94.5327,0.65,2.05,90,95.5768,-164,-7.41050799774942,-13.0721286240006
100,0,0,33.3212,33.5657,1.57542,0,1.524,15.07,19,94.5327,0.65,2.05,90,95.5768,-163,-7.52751599324844,-12.9267537291502
100,0,0,33.3212,33.5657,1.57542,0,1.524,15.07,19,94.5327,0.65,2.05,90,95.5768,-162,-7.63295954470785,-12.7671793356962
100,0,0,33.3212,33.5657,1.57542,0,1.524,15.07,19,94.5327,0.65,2.05,90,95.5768,-161,-7.72723062138229,-12.5961310986467
100,0,0,33.3212,33.5657,1.57542,0,1.524,15.07,19,94.5327,0.65,2.05,90,95.5768,-160,-7.81091226139714,-12.4165582569163
100,0,0,33.3212,33.5657,1.57542,0,1.524,15.07,19,94.5327,0.65,2.05,90,95.5768,-159,-7.88475969810449,-12.2315077047369
100,0,0,33.3212,33.5657,1.57542,0,1.524,15.07,19,94.5327,0.65,2.05,90,95.5768,-158,-7.94967670326942,-12.0440167905281
100,0,0,33.3212,33.5657,1.57542,0,1.524,15.07,19,94.5327,0.65,2.05,90,95.5768,-157,-8.00668890789801,-11.8570297311495
100,0,0,33.3212,33.5657,1.57542,0,1.524,15.07,19,94.5327,0.65,2.05,90,95.5768,-156,-8.05691589103801,-11.6733386975393
100,0,0,33.3212,33.5657,1.57542,0,1.524,15.07,19,94.5327,0.65,2.05,90,95.5768,-155,-8.10154367835834,-11.4955478080692
100,0,0,33.3212,33.5657,1.57542,0,1.524,15.07,19,94.5327,0.65,2.05,90,95.5768,-154,-8.14179901238774,-11.3260565832438
100,0,0,33.3212,33.5657,1.57542,0,1.524,15.07,19,94.5327,0.65,2.05,90,95.5768,-153,-8.17892640198506,-11.1670587239329
100,0,0,33.3212,33.5657,1.57542,0,1.524,15.07,19,94.5327,0.65,2.05,90,95.5768,-152,-8.21416858532301,-11.020552103708
100,0,0,33.3212,33.5657,1.57542,0,1.524,15.07,19,94.5327,0.65,2.05,90,95.5768,-151,-8.24875069343406,-10.8883563287105
100,0,0,33.3212,33.5657,1.57542,0,1.524,15.07,19,94.5327,0.65,2.05,90,95.5768,-150,-8.28386811045118,-10.7721348793843
100,0,0,33.3212,33.5657,1.57542,0,1.524,15.07,19,94.5327,0.65,2.05,90,95.5768,-149,-8.32067780713198,-10.6734195413386
100,0,0,33.3212,33.5657,1.57542,0,1.524,15.07,19,94.5327,0.65,2.05,90,95.5768,-148,-8.36029277828444,-10.5936354574936
100,0,0,33.3212,33.5657,1.57542,0,1.524,15.07,19,94.5327,0.65,2.05,90,95.5768,-147,-8.40377913541215,-10.5341256404794
100,0,0,33.3212,33.5657,1.57542,0,1.524,15.07,19,94.5327,0.65,2.05,90,95.5768,-146,-8.4521553811587,-10.4961741548373
100,0,0,33.3212,33.5657,1.57542,0,1.524,15.07,19,94.5327,0.65,2.05,90,95.5768,-145,-8.50639340796732,-10.4810274108027
100,0,0,33.3212,33.5657,1.57542,0,1.524,15.07,19,94.5327,0.65,2.05,90,95.5768,-144,-8.56742080627819,-10.4899131070147
100,0,0,33.3212,33.5657,1.57542,0,1.524,15.07,19,94.5327,0.65,2.05,90,95.5768,-143,-8.6361241259595,-10.5240563144846
100,0,0,33.3212,33.5657,1.57542,0,1.524,15.07,19,94.5327,0.65,2.05,90,95.5768,-142,-8.71335279941942,-10.5846919910661
100,0,0,33.3212,33.5657,1.57542,0,1.524,15.07,19,94.5327,0.65,2.05,90,95.5768,-141,-8.79992349945808,-10.673072814977
100,0,0,33.3212,33.5657,1.57542,0,1.524,15.07,19,94.5327,0.65,2.05,90,95.5768,-140,-8.89662476517278,-10.7904705551011
100,0,0,33.3212,33.5657,1.57542,0,1.524,15.07,19,94.5327,0.65,2.05,90,95.5768,-139,-9.00422178277395,-10.9381681334769
100,0,0,33.3212,33.5657,1.57542,0,1.524,15.07,19,94.5327,0.65,2.05,90,95.5768,-138,-9.12346125406031,-11.1174378881326
100,0,0,33.3212,33.5657,1.57542,0,1.524,15.07,19,94.5327,0.65,2.05,90,95.5768,-137,-9.25507632358381,-11.329499014177
100,0,0,33.3212,33.5657,1.57542,0,1.524,15.07,19,94.5327,0.65,2.05,90,95.5768,-136,-9.3997915668949,-11.5754433043625
100,0,0,33.3212,33.5657,1.57542,0,1.524,15.07,19,94.5327,0.65,2.05,90,95.5768,-135,-9.55832806776527,-11.8561125019308
100,0,0,33.3212,33.5657,1.57542,0,1.524,15.07,19,94.5327,0.65,2.05,90,95.5768,-134,-9.73140863320444,-12.1719020237033
100,0,0,33.3212,33.5657,1.57542,0,1.524,15.07,19,94.5327,0.65,2.05,90,95.5768,-133,-9.91976321276543,-12.5224537346196
100,0,0,33.3212,33.5657,1.57542,0,1.524,15.07,19,94.5327,0.65,2.05,90,95.5768,-132,-10.12413460444,-12.9061847898396
100,0,0,33.3212,33.5657,1.57542,0,1.524,15.07,19,94.5327,0.65,2.05,90,95.5768,-131,-10.3452845447413,-13.3195828806802
100,0,0,33.3212,33.5657,1.57542,0,1.524,15.07,19,94.5327,0.65,2.05,90,95.5768,-130,-10.5840002967431,-13.7561903605514
100,0,0,33.3212,33.5657,1.57542,0,1.524,15.07,19,94.5327,0.65,2.05,90,95.5768,-129,-10.8411018683327,-14.2052271256266
100,0,0,33.3212,33.5657,1.57542,0,1.524,15.07,19,94.5327,0.65,2.05,90,95.5768,-128,-11.1174500153111,-14.6499217939547
100,0,0,33.3212,33.5657,1.57542,0,1.524,15.07,19,94.5327,0.65,2.05,90,95.5768,-127,-11.413955212066,-15.0659253477153
100,0,0,33.3212,33.5657,1.57542,0,1.524,15.07,19,94.5327,0.65,2.05,90,95.5768,-126,-11.731587808539,-15.4207425038287
100,0,0,33.3212,33.5657,1.57542,0,1.524,15.07,19,94.5327,0.65,2.05,90,95.5768,-125,-12.0713896389138,-15.6757633257413
100,0,0,33.3212,33.5657,1.57542,0,1.524,15.07,19,94.5327,0.65,2.05,90,95.5768,-124,-12.4344874085258,-15.7924379087334
100,0,0,33.3212,33.5657,1.57542,0,1.524,15.07,19,94.5327,0.65,2.05,90,95.5768,-123,-12.8221082658758,-15.7422003322602
100,0,0,33.3212,33.5657,1.57542,0,1.524,15.07,19,94.5327,0.65,2.05,90,95.5768,-122,-13.2355980731324,-15.5160881482425
100,0,0,33.3212,33.5657,1.57542,0,1.524,15.07,19,94.5327,0.65,2.05,90,95.5768,-121,-13.6764430306639,-15.1281309337281
100,0,0,33.3212,33.5657,1.57542,0,1.524,15.07,19,94.5327,0.65,2.05,90,95.5768,-120,-14.1462955025375,-14.6100889249693
100,0,0,33.3212,33.5657,1.57542,0,1.524,15.07,19,94.5327,0.65,2.05,90,95.5768,-119,-14.6470051502081,-14.001231108092
100,0,0,33.3212,33.5657,1.57542,0,1.524,15.07,19,94.5327,0.65,2.05,90,95.5768,-118,-15.1806568396197,-13.3390608463098
100,0,0,33.3212,33.5657,1.57542,0,1.524,15.07,19,94.5327,0.65,2.05,90,95.5768,-117,-15.7496172857055,-12.65417605551
100,0,0,33.3212,33.5657,1.57542,0,1.524,15.07,19,94.5327,0.65,2.05,90,95.5768,-116,-16.3565931031376,-11.9690017472128
100,0,0,33.3212,33.5657,1.57542,0,1.524,15.07,19,94.5327,0.65,2.05,90,95.5768,-115,-17.0047039442353,-11.2987158019809
100,0,0,33.3212,33.5657,1.57542,0,1.524,15.07,19,94.5327,0.65,2.05,90,95.5768,-114,-17.6975758838425,-10.6529146881417
100,0,0,33.3212,33.5657,1.57542,0,1.524,15.07,19,94.5327,0.65,2.05,90,95.5768,-113,-18.439462414567,-10.0372347760992
100,0,0,33.3212,33.5657,1.57542,0,1.524,15.07,19,94.5327,0.65,2.05,90,95.5768,-112,-19.2354037708929,-9.45464739503939
100,0,0,33.3212,33.5657,1.57542,0,1.524,15.07,19,94.5327,0.65,2.05,90,95.5768,-111,-20.0914405337669,-8.90639846117798
100,0,0,33.3212,33.5657,1.57542,0,1.524,15.07,19,94.5327,0.65,2.05,90,95.5768,-110,-21.0149058528147,-8.39265470123294
100,0,0,33.3212,33.5657,1.57542,0,1.524,15.07,19,94.5327,0.65,2.05,90,95.5768,-109,-22.0148344757112,-7.91293402655965
100,0,0,33.3212,33.5657,1.57542,0,1.524,15.07,19,94.5327,0.65,2.05,90,95.5768,-108,-23.102550461779,-7.46638618210733
100,0,0,33.3212,33.5657,1.57542,0,1.524,15.07,19,94.5327,0.65,2.05,90,95.5768,-107,-24.2925375965671,-7.05197286369447
100,0,0,33.3212,33.5657,1.57542,0,1.524,15.07,19,94.5327,0.65,2.05,90,95.5768,-106,-25.6037749951867,-6.66858159428653
100,0,0,33.3212,33.5657,1.57542,0,1.524,15.07,19,94.5327,0.65,2.05,90,95.5768,-105,-27.0618745189858,-6.31509645553285
100,0,0,33.3212,33.5657,1.57542,0,1.524,15.07,19,94.5327,0.65,2.05,90,95.5768,-104,-28.7026791013987,-5.99044094466785
100,0,0,33.3212,33.5657,1.57542,0,1.524,15.07,19,94.5327,0.65,2.05,90,95.5768,-103,-30.5787085510104,-5.69360295310749
100,0,0,33.3212,33.5657,1.57542,0,1.524,15.07,19,94.5327,0.65,2.05,90,95.5768,-102,-32.7716366511924,-5.42364837756467
100,0,0,33.3212,33.5657,1.57542,0,1.524,15.07,19,94.5327,0.65,2.05,90,95.5768,-101,-35.4189327144003,-5.17972759360003
100,0,0,33.3212,33.5657,1.57542,0,1.524,15.07,19,94.5327,0.65,2.05,90,95.5768,-100,-38.7781183685204,-4.96107753561455
100,0,0,33.3212,33.5657,1.57542,0,1.524,15.07,19,94.5327,0.65,2.05,90,95.5768,-99,-43.399369989432,-4.76702116072136
100,0,0,33.3212,33.5657,1.57542,0,1.524,15.07,19,94.5327,0.65,2.05,90,95.5768,-98,-50.217755011221,-4.59696544517421
100,0,0,33.3212,33.5657,1.57542,0,1.524,15.07,19,94.5327,0.65,2.05,90,95.5768,-97,-50.8929824171785,-4.45039865281459
100,0,0,33.3212,33.5657,1.57542,0,1.524,15.07,19,94.5327,0.65,2.05,90,95.5768,-96,-45.5699164073055,-4.32688734862156
100,0,0,33.3212,33.5657,1.57542,0,1.524,15.07,19,94.5327,0.65,2.05,90,95.5768,-95,-42.4770151011766,-4.22607345718557
100,0,0,33.3212,33.5657,1.57542,0,1.524,15.07,19,94.5327,0.65,2.05,90,95.5768,-94,-40.6999501455475,-4.14767155347812
100,0,0,33.3212,33.5657,1.57542,0,1.524,15.07,19,94.5327,0.65,2.05,90,95.5768,-93,-39.7240397931165,-4.09146650058619
100,0,0,33.3212,33.5657,1.57542,0,1.524,15.07,19,94.5327,0.65,2.05,90,95.5768,-92,-39.3338595666934,-4.05731150229491
100,0,0,33.3212,33.5657,1.57542,0,1.524,15.07,19,94.5327,0.65,2.05,90,95.5768,-91,-39.4470751132922,-4.04512660836056
100,0,0,33.3212,33.5657,1.57542,0,1.524,15.07,19,94.5327,0.65,2.05,90,95.5768,-90,-40.0566207408014,-4.05489769082706
100,0,0,33.3212,33.5657,1.57542,0,1.524,15.07,19,94.5327,0.65,2.05,90,95.5768,-89,-41.2026940698027,-4.0866758964769
100,0,0,33.3212,33.5657,1.57542,0,1.524,15.07,19,94.5327,0.65,2.05,90,95.5768,-88,-42.891840516762,-4.1405775702604
100,0,0,33.3212,33.5657,1.57542,0,1.524,15.07,19,94.5327,0.65,2.05,90,95.5768,-87,-44.6318535894881,-4.21678463466253
100,0,0,33.3212,33.5657,1.57542,0,1.524,15.07,19,94.5327,0.65,2.05,90,95.5768,-86,-44.4048783956404,-4.31554539791239
100,0,0,33.3212,33.5657,1.57542,0,1.524,15.07,19,94.5327,0.65,2.05,90,95.5768,-85,-41.5246088011527,-4.43717574688429
100,0,0,33.3212,33.5657,1.57542,0,1.524,15.07,19,94.5327,0.65,2.05,90,95.5768,-84,-38.177372420037,-4.58206065488555
100,0,0,33.3212,33.5657,1.57542,0,1.524,15.07,19,94.5327,0.65,2.05,90,95.5768,-83,-35.2513472920228,-4.75065589532333
100,0,0,33.3212,33.5657,1.57542,0,1.524,15.07,19,94.5327,0.65,2.05,90,95.5768,-82,-32.7780711959983,-4.9434897923551
100,0,0,33.3212,33.5657,1.57542,0,1.524,15.07,19,94.5327,0.65,2.05,90,95.5768,-81,-30.6637566432296,-5.16116474852135
100,0,0,33.3212,33.5657,1.57542,0,1.524,15.07,19,94.5327,0.65,2.05,90,95.5768,-80,-28.8257828433173,-5.40435815129169
100,0,0,33.3212,33.5657,1.57542,0,1.524,15.07,19,94.5327,0.65,2.05,90,95.5768,-79,-27.2039512569907,-5.67382205171319
100,0,0,33.3212,33.5657,1.57542,0,1.524,15.07,19,94.5327,0.65,2.05,90,95.5768,-78,-25.7552122616053,-5.97038069307833
100,0,0,33.3212,33.5657,1.57542,0,1.524,15.07,19,94.5327,0.65,2.05,90,95.5768,-77,-24.448287927221,-6.29492449140668
100,0,0,33.3212,33.5657,1.57542,0,1.524,15.07,19,94.5327,0.65,2.05,90,95.5768,-76,-23.2599180616525,-6.6483983503259
100,0,0,33.3212,33.5657,1.57542,0,1.524,15.07,19,94.5327,0.65,2.05,90,95.5768,-75,-22.1723954394235,-7.03178110672925
100,0,0,33.3212,33.5657,1.57542,0,1.524,15.07,19,94.5327,0.65,2.05,90,95.5768,-74,-21.1719475645845,-7.4460512655808
100,0,0,33.3212,33.5657,1.57542,0,1.524,15.07,19,94.5327,0.65,2.05,90,95.5768,-73,-20.2476556390815,-7.89213172238069
100,0,0,33.3212,33.5657,1.57542,0,1.524,15.07,19,94.5327,0.65,2.05,90,95.5768,-72,-19.390716202479,-8.37080251018875
100,0,0,33.3212,33.5657,1.57542,0,1.524,15.07,19,94.5327,0.65,2.05,90,95.5768,-71,-18.5939252415854,-8.88256524866777
100,0,0,33.3212,33.5657,1.57542,0,1.524,15.07,19,94.5327,0.65,2.05,90,95.5768,-70,-17.8513098515011,-9.42743536812971
100,0,0,33.3212,33.5657,1.57542,0,1.524,15.07,19,94.5327,0.65,2.05,90,95.5768,-69,-17.1578599166574,-10.00462800427
100,0,0,33.3212,33.5657,1.57542,0,1.524,15.07,19,94.5327,0.65,2.05,90,95.5768,-68,-16.5093290271543,-10.6120913857898
100,0,0,33.3212,33.5657,1.57542,0,1.524,15.07,19,94.5327,0.65,2.05,90,95.5768,-67,-15.9020842691166,-11.2458311805889
100,0,0,33.3212,33.5657,1.57542,0,1.524,15.07,19,94.5327,0.65,2.05,90,95.5768,-66,-15.3329911459688,-11.898971317997
100,0,0,33.3212,33.5657,1.57542,0,1.524,15.07,19,94.5327,0.65,2.05,90,95.5768,-65,-14.7993241752319,-12.5605363739652
100,0,0,33.3212,33.5657,1.57542,0,1.524,15.07,19,94.5327,0.65,2.05,90,95.5768,-64,-14.2986965380994,-13.2140656732415
100,0,0,33.3212,33.5657,1.57542,0,1.524,15.07,19,94.5327,0.65,2.05,90,95.5768,-63,-13.8290040654109,-13.8364456917941
100,0,0,33.3212,33.5657,1.57542,0,1.524,15.07,19,94.5327,0.65,2.05,90,95.5768,-62,-13.3883801490652,-14.3977975768037
100,0,0,33.3212,33.5657,1.57542,0,1.524,15.07,19,94.5327,0.65,2.05,90,95.5768,-61,-12.9751590763803,-14.863683057244
100,0,0,33.3212,33.5657,1.57542,0,1.524,15.07,19,94.5327,0.65,2.05,90,95.5768,-60,-12.5878459266271,-15.2006643876841
100,0,0,33.3212,33.5657,1.57542,0,1.524,15.07,19,94.5327,0.65,2.05,90,95.5768,-59,-12.2250916285344,-15.3845828070318
100,0,0,33.3212,33.5657,1.57542,0,1.524,15.07,19,94.5327,0.65,2.05,90,95.5768,-58,-11.8856721108326,-15.4082092363301
100,0,0,33.3212,33.5657,1.57542,0,1.524,15.07,19,94.5327,0.65,2.05,90,95.5768,-57,-11.5684707223394,-15.2838007241837
100,0,0,33.3212,33.5657,1.57542,0,1.524,15.07,19,94.5327,0.65,2.05,90,95.5768,-56,-11.2724632791763,-15.038854113697
100,0,0,33.3212,33.5657,1.57542,0,1.524,15.07,19,94.5327,0.65,2.05,90,95.5768,-55,-10.9967052320385,-14.7078392257666
100,0,0,33.3212,33.5657,1.57542,0,1.524,15.07,19,94.5327,0.65,2.05,90,95.5768,-54,-10.7403205483068,-14.3244220428095
100,0,0,33.3212,33.5657,1.57542,0,1.524,15.07,19,94.5327,0.65,2.05,90,95.5768,-53,-10.5024919809059,-13.9168243698022
100,0,0,33.3212,33.5657,1.57542,0,1.524,15.07,19,94.5327,0.65,2.05,90,95.5768,-52,-10.2824524544187,-13.5063582382216
100,0,0,33.3212,33.5657,1.57542,0,1.524,15.07,19,94.5327,0.65,2.05,90,95.5768,-51,-10.0794773436207,-13.1079251799705
100,0,0,33.3212,33.5657,1.57542,0,1.524,15.07,19,94.5327,0.65,2.05,90,95.5768,-50,-9.8928774536554,-12.7313002496947
100,0,0,33.3212,33.5657,1.57542,0,1.524,15.07,19,94.5327,0.65,2.05,90,95.5768,-49,-9.72199253709708,-12.3824947897026
100,0,0,33.3212,33.5657,1.57542,0,1.524,15.07,19,94.5327,0.65,2.05,90,95.5768,-48,-9.56618520311211,-12.0649021136079
100,0,0,33.3212,33.5657,1.57542,0,1.524,15.07,19,94.5327,0.65,2.05,90,95.5768,-47,-9.42483508946087,-11.780160806187
100,0,0,33.3212,33.5657,1.57542,0,1.524,15.07,19,94.5327,0.65,2.05,90,95.5768,-46,-9.2973331805481,-11.5287667840765
100,0,0,33.3212,33.5657,1.57542,0,1.524,15.07,19,94.5327,0.65,2.05,90,95.5768,-45,-9.18307616539703,-11.3104913197658
100,0,0,33.3212,33.5657,1.57542,0,1.524,15.07,19,94.5327,0.65,2.05,90,95.5768,-44,-9.08146073951321,-11.1246593103318
100,0,0,33.3212,33.5657,1.57542,0,1.524,15.07,19,94.5327,0.65,2.05,90,95.5768,-43,-8.99187776539204,-10.9703306002072
100,0,0,33.3212,33.5657,1.57542,0,1.524,15.07,19,94.5327,0.65,2.05,90,95.5768,-42,-8.91370621928833,-10.8464153952343
100,0,0,33.3212,33.5657,1.57542,0,1.524,15.07,19,94.5327,0.65,2.05,90,95.5768,-41,-8.84630686834679,-10.7517452837555
100,0,0,33.3212,33.5657,1.57542,0,1.524,15.07,19,94.5327,0.65,2.05,90,95.5768,-40,-8.78901564402302,-10.6851143972455
100,0,0,33.3212,33.5657,1.57542,0,1.524,15.07,19,94.5327,0.65,2.05,90,95.5768,-39,-8.74113670683328,-10.6453003670277
100,0,0,33.3212,33.5657,1.57542,0,1.524,15.07,19,94.5327,0.65,2.05,90,95.5768,-38,-8.70193523594565,-10.6310714198426
100,0,0,33.3212,33.5657,1.57542,0,1.524,15.07,19,94.5327,0.65,2.05,90,95.5768,-37,-8.67063002709044,-10.6411837405169
100,0,0,33.3212,33.5657,1.57542,0,1.524,15.07,19,94.5327,0.65,2.05,90,95.5768,-36,-8.64638604567727,-10.674371772108
100,0,0,33.3212,33.5657,1.57542,0,1.524,15.07,19,94.5327,0.65,2.05,90,95.5768,-35,-8.62830716026945,-10.7293331867853
100,0,0,33.3212,33.5657,1.57542,0,1.524,15.07,19,94.5327,0.65,2.05,90,95.5768,-34,-8.61542937500397,-10.8047096902691
100,0,0,33.3212,33.5657,1.57542,0,1.524,15.07,19,94.5327,0.65,2.05,90,95.5768,-33,-8.60671498661152,-10.8990645239402
100,0,0,33.3212,33.5657,1.57542,0,1.524,15.07,19,94.5327,0.65,2.05,90,95.5768,-32,-8.60104820798396,-11.0108574482783
100,0,0,33.3212,33.5657,1.57542,0,1.524,15.07,19,94.5327,0.65,2.05,90,95.5768,-31,-8.59723291735502,-11.1384181036332
100,0,0,33.3212,33.5657,1.57542,0,1.524,15.07,19,94.5327,0.65,2.05,90,95.5768,-30,-8.59399329657051,-11.2799189406387
100,0,0,33.3212,33.5657,1.57542,0,1.524,15.07,19,94.5327,0.65,2.05,90,95.5768,-29,-8.58997819419322,-11.4333493890752
100,0,0,33.3212,33.5657,1.57542,0,1.524,15.07,19,94.5327,0.65,2.05,90,95.5768,-28,-8.58377006405432,-11.5964935778598
100,0,0,33.3212,33.5657,1.57542,0,1.524,15.07,19,94.5327,0.65,2.05,90,95.5768,-27,-8.57389925785468,-11.7669146900185
100,0,0,33.3212,33.5657,1.57542,0,1.524,15.07,19,94.5327,0.65,2.05,90,95.5768,-26,-8.55886426167611,-11.9419498452111
100,0,0,33.3212,33.5657,1.57542,0,1.524,15.07,19,94.5327,0.65,2.05,90,95.5768,-25,-8.53715813702431,-12.1187200858998
100,0,0,33.3212,33.5657,1.57542,0,1.524,15.07,19,94.5327,0.65,2.05,90,95.5768,-24,-8.50730094857023,-12.2941603506566
100,0,0,33.3212,33.5657,1.57542,0,1.524,15.07,19,94.5327,0.65,2.05,90,95.5768,-23,-8.46787734941499,-12.4650739190709
100,0,0,33.3212,33.5657,1.57542,0,1.524,15.07,19,94.5327,0.65,2.05,90,95.5768,-22,-8.41757780020642,-12.6282143513732
100,0,0,33.3212,33.5657,1.57542,0,1.524,15.07,19,94.5327,0.65,2.05,90,95.5768,-21,-8.35524120664683,-12.780395156558
100,0,0,33.3212,33.5657,1.57542,0,1.524,15.07,19,94.5327,0.65,2.05,90,95.5768,-20,-8.27989618596861,-12.9186233029687
100,0,0,33.3212,33.5657,1.57542,0,1.524,15.07,19,94.5327,0.65,2.05,90,95.5768,-19,-8.19079784248708,-13.0402476770363
100,0,0,33.3212,33.5657,1.57542,0,1.524,15.07,19,94.5327,0.65,2.05,90,95.5768,-18,-8.08745695278396,-13.1431086756893
100,0,0,33.3212,33.5657,1.57542,0,1.524,15.07,19,94.5327,0.65,2.05,90,95.5768,-17,-7.96965888937782,-13.2256716743333
100,0,0,33.3212,33.5657,1.57542,0,1.524,15.07,19,94.5327,0.65,2.05,90,95.5768,-16,-7.8374704293466,-13.2871265479501
100,0,0,33.3212,33.5657,1.57542,0,1.524,15.07,19,94.5327,0.65,2.05,90,95.5768,-15,-7.69123370006174,-13.3274385711018
100,0,0,33.3212,33.5657,1.57542,0,1.524,15.07,19,94.5327,0.65,2.05,90,95.5768,-14,-7.53154774061214,-13.3473426399618
100,0,0,33.3212,33.5657,1.57542,0,1.524,15.07,19,94.5327,0.65,2.05,90,95.5768,-13,-7.35923930848403,-13.3482814122776
100,0,0,33.3212,33.5657,1.57542,0,1.524,15.07,19,94.5327,0.65,2.05,90,95.5768,-12,-7.17532545849999,-13.3322964590684
100,0,0,33.3212,33.5657,1.57542,0,1.524,15.07,19,94.5327,0.65,2.05,90,95.5768,-11,-6.98097094568802,-13.3018877334071
100,0,0,33.3212,33.5657,1.57542,0,1.524,15.07,19,94.5327,0.65,2.05,90,95.5768,-10,-6.77744361736439,-13.2598592992582
100,0,0,33.3212,33.5657,1.57542,0,1.524,15.07,19,94.5327,0.65,2.05,90,95.5768,-9,-6.56607070311604,-13.2091682458334
100,0,0,33.3212,33.5657,1.57542,0,1.524,15.07,19,94.5327,0.65,2.05,90,95.5768,-8,-6.34819838283637,-13.152789984481
100,0,0,33.3212,33.5657,1.57542,0,1.524,15.07,19,94.5327,0.65,2.05,90,95.5768,-7,-6.12515633667698,-13.0936081185148
100,0,0,33.3212,33.5657,1.57542,0,1.524,15.07,19,94.5327,0.65,2.05,90,95.5768,-6,-5.89822827639347,-13.0343321422431
100,0,0,33.3212,33.5657,1.57542,0,1.524,15.07,19,94.5327,0.65,2.05,90,95.5768,-5,-5.66862881884736,-12.9774422703952
100,0,0,33.3212,33.5657,1.57542,0,1.524,15.07,19,94.5327,0.65,2.05,90,95.5768,-4,-5.43748654764672,-12.9251580976379
100,0,0,33.3212,33.5657,1.57542,0,1.524,15.07,19,94.5327,0.65,2.05,90,95.5768,-3,-5.205832741649,-12.8794264916665
100,0,0,33.3212,33.5657,1.57542,0,1.524,15.07,19,94.5327,0.65,2.05,90,95.5768,-2,-4.97459502561414,-12.8419238466265
100,0,0,33.3212,33.5657,1.57542,0,1.524,15.07,19,94.5327,0.65,2.05,90,95.5768,-1,-4.7445950976311,-12.8140682100092
100,0,0,33.3212,33.5657,1.57542,0,1.524,15.07,19,94.5327,0.65,2.05,90,95.5768,0,-4.51654968100339,-12.7970375261182
100,0,0,33.3212,33.5657,1.57542,0,1.524,15.07,19,94.5327,0.65,2.05,90,95.5768,1,-4.29107390514633,-12.7917910767779
100,0,0,33.3212,33.5657,1.57542,0,1.524,15.07,19,94.5327,0.65,2.05,90,95.5768,2,-4.06868641435132,-12.7990919977907
100,0,0,33.3212,33.5657,1.57542,0,1.524,15.07,19,94.5327,0.65,2.05,90,95.5768,3,-3.84981561425717,-12.8195294325435
100,0,0,33.3212,33.5657,1.57542,0,1.524,15.07,19,94.5327,0.65,2.05,90,95.5768,4,-3.63480657877128,-12.8535394267129
100,0,0,33.3212,33.5657,1.57542,0,1.524,15.07,19,94.5327,0.65,2.05,90,95.5768,5,-3.42392824559498,-12.9014240742609
100,0,0,33.3212,33.5657,1.57542,0,1.524,15.07,19,94.5327,0.65,2.05,90,95.5768,6,-3.21738062128329,-12.9633687133471
100,0,0,33.3212,33.5657,1.57542,0,1.524,15.07,19,94.5327,0.65,2.05,90,95.5768,7,-3.01530179486307,-13.0394571646529
100,0,0,33.3212,33.5657,1.57542,0,1.524,15.07,19,94.5327,0.65,2.05,90,95.5768,8,-2.81777462245001,-13.129685126441
100,0,0,33.3212,33.5657,1.57542,0,1.524,15.07,19,94.5327,0.65,2.05,90,95.5768,9,-2.62483299526518,-13.2339719097769
100,0,0,33.3212,33.5657,1.57542,0,1.524,15.07,19,94.5327,0.65,2.05,90,95.5768,10,-2.43646764178949,-13.3521707289837
100,0,0,33.3212,33.5657,1.57542,0,1.524,15.07,19,94.5327,0.65,2.05,90,95.5768,11,-2.25263144353285,-13.4840777679986
100,0,0,33.3212,33.5657,1.57542,0,1.524,15.07,19,94.5327,0.65,2.05,90,95.5768,12,-2.0732442650007,-13.629440230995
100,0,0,33.3212,33.5657,1.57542,0,1.524,15.07,19,94.5327,0.65,2.05,90,95.5768,13,-1.8981973136695,-13.7879635609752
100,0,0,33.3212,33.5657,1.57542,0,1.524,15.07,19,94.5327,0.65,2.05,90,95.5768,14,-1.72735705661766,-13.9593179767659
100,0,0,33.3212,33.5657,1.57542,0,1.524,15.07,19,94.5327,0.65,2.05,90,95.5768,15,-1.56056872808826,-14.1431444394029
100,0,0,33.3212,33.5657,1.57542,0,1.524,15.07,19,94.5327,0.65,2.05,90,95.5768,16,-1.39765946759001,-14.3390601150325
100,0,0,33.3212,33.5657,1.57542,0,1.524,15.07,19,94.5327,0.65,2.05,90,95.5768,17,-1.23844113182213,-14.546663354627
100,0,0,33.3212,33.5657,1.57542,0,1.524,15.07,19,94.5327,0.65,2.05,90,95.5768,18,-1.08271282616058,-14.76553816247
100,0,0,33.3212,33.5657,1.57542,0,1.524,15.07,19,94.5327,0.65,2.05,90,95.5768,19,-0.930263202905098,-14.9952580772645
100,0,0,33.3212,33.5657,1.57542,0,1.524,15.07,19,94.5327,0.65,2.05,90,95.5768,20,-0.780872574044132,-15.2353893440058
100,0,0,33.3212,33.5657,1.57542,0,1.524,15.07,19,94.5327,0.65,2.05,90,95.5768,21,-0.634314885920619,-15.4854932141214
100,0,0,33.3212,33.5657,1.57542,0,1.524,15.07,19,94.5327,0.65,2.05,90,95.5768,22,-0.490359601768777,-15.7451271789857
100,0,0,33.3212,33.5657,1.57542,0,1.524,15.07,19,94.5327,0.65,2.05,90,95.5768,23,-0.348773535493092,-16.013844921393
100,0,0,33.3212,33.5657,1.57542,0,1.524,15.07,19,94.5327,0.65,2.05,90,95.5768,24,-0.209322676118961,-16.2911947648746
100,0,0,33.3212,33.5657,1.57542,0,1.524,15.07,19,94.5327,0.65,2.05,90,95.5768,25,-0.0717740369313862,-16.5767164160365
100,0,0,33.3212,33.5657,1.57542,0,1.524,15.07,19,94.5327,0.65,2.05,90,95.5768,26,0.0641024436354858,-16.8699358346028
100,0,0,33.3212,33.5657,1.57542,0,1.524,15.07,19,94.5327,0.65,2.05,90,95.5768,27,0.198531930770319,-17.1703581337554
100,0,0,33.3212,33.5657,1.57542,0,1.524,15.07,19,94.5327,0.65,2.05,90,95.5768,28,0.331732642994042,-17.4774585136798
100,0,0,33.3212,33.5657,1.57542,0,1.524,15.07,19,94.5327,0.65,2.05,90,95.5768,29,0.463913725073009,-17.7906713676367
100,0,0,33.3212,33.5657,1.57542,0,1.524,15.07,19,94.5327,0.65,2.05,90,95.5768,30,0.59527305812029,-18.1093778753193
100,0,0,33.3212,33.5657,1.57542,0,1.524,15.07,19,94.5327,0.65,2.05,90,95.5768,31,0.725995032787072,-18.4328926142529
100,0,0,33.3212,33.5657,1.57542,0,1.524,15.07,19,94.5327,0.65,2.05,90,95.5768,32,0.856248322925196,-18.7604499752172
100,0,0,33.3212,33.5657,1.57542,0,1.524,15.07,19,94.5327,0.65,2.05,90,95.5768,33,0.986183707431384,-19.0911914557981
100,0,0,33.3212,33.5657,1.57542,0,1.524,15.07,19,94.5327,0.65,2.05,90,95.5768,34,1.11593199642893,-19.4241552126198
100,0,0,33.3212,33.5657,1.57542,0,1.524,15.07,19,94.5327,0.65,2.05,90,95.5768,35,1.24560212380735,-19.7582695507491
100,0,0,33.3212,33.5657,1.57542,0,1.524,15.07,19,94.5327,0.65,2.05,90,95.5768,36,1.37527947083312,-20.0923522749824
100,0,0,33.3212,33.5657,1.57542,0,1.524,15.07,19,94.5327,0.65,2.05,90,95.5768,37,1.50502448464552,-20.4251179599375
100,0,0,33.3212,33.5657,1.57542,0,1.524,15.07,19,94.5327,0.65,2.05,90,95.5768,38,1.63487165076759,-20.7551951339244
100,0,0,33.3212,33.5657,1.57542,0,1.524,15.07,19,94.5327,0.65,2.05,90,95.5768,39,1.76482887036811,-21.0811550258162
100,0,0,33.3212,33.5657,1.57542,0,1.524,15.07,19,94.5327,0.65,2.05,90,95.5768,40,1.89487728126102,-21.4015528139882
100,0,0,33.3212,33.5657,1.57542,0,1.524,15.07,19,94.5327,0.65,2.05,90,95.5768,41,2.02497154714669,-21.7149811998115
100,0,0,33.3212,33.5657,1.57542,0,1.524,15.07,19,94.5327,0.65,2.05,90,95.5768,42,2.15504062323006,-22.0201346384979
100,0,0,33.3212,33.5657,1.57542,0,1.524,15.07,19,94.5327,0.65,2.05,90,95.5768,43,2.28498898909535,-22.3158808390607
100,0,0,33.3212,33.5657,1.57542,0,1.524,15.07,19,94.5327,0.65,2.05,90,95.5768,44,2.41469832264487,-22.6013344552413
100,0,0,33.3212,33.5657,1.57542,0,1.524,15.07,19,94.5327,0.65,2.05,90,95.5768,45,2.54402957306326,-22.8759265864683
100,0,0,33.3212,33.5657,1.57542,0,1.524,15.07,19,94.5327,0.65,2.05,90,95.5768,46,2.67282537707599,-23.1394631659419
100,0,0,33.3212,33.5657,1.57542,0,1.524,15.07,19,94.5327,0.65,2.05,90,95.5768,47,2.80091275196706,-23.3921658098994
100,0,0,33.3212,33.5657,1.57542,0,1.524,15.07,19,94.5327,0.65,2.05,90,95.5768,48,2.92810599139614,-23.6346903063597
100,0,0,33.3212,33.5657,1.57542,0,1.524,15.07,19,94.5327,0.65,2.05,90,95.5768,49,3.05420968623283,-23.8681204271026
100,0,0,33.3212,33.5657,1.57542,0,1.524,15.07,19,94.5327,0.65,2.05,90,95.5768,50,3.17902179236164,-24.0939376983194
100,0,0,33.3212,33.5657,1.57542,0,1.524,15.07,19,94.5327,0.65,2.05,90,95.5768,51,3.30233667042777,-24.3139705782926
100,0,0,33.3212,33.5657,1.57542,0,1.524,15.07,19,94.5327,0.65,2.05,90,95.5768,52,3.42394802832664,-24.530328620706
100,0,0,33.3212,33.5657,1.57542,0,1.524,15.07,19,94.5327,0.65,2.05,90,95.5768,53,3.54365170529649,-24.7453283010816
100,0,0,33.3212,33.5657,1.57542,0,1.524,15.07,19,94.5327,0.65,2.05,90,95.5768,54,3.66124824609891,-24.9614171756443
100,0,0,33.3212,33.5657,1.57542,0,1.524,15.07,19,94.5327,0.65,2.05,90,95.5768,55,3.77654522430671,-25.1811021037563
100,0,0,33.3212,33.5657,1.57542,0,1.524,15.07,19,94.5327,0.65,2.05,90,95.5768,56,3.88935928454644,-25.406885732588
100,0,0,33.3212,33.5657,1.57542,0,1.524,15.07,19,94.5327,0.65,2.05,90,95.5768,57,3.99951788413135,-25.641213690239
100,0,0,33.3212,33.5657,1.57542,0,1.524,15.07,19,94.5327,0.65,2.05,90,95.5768,58,4.1068607244389,-25.8864332750625
100,0,0,33.3212,33.5657,1.57542,0,1.524,15.07,19,94.5327,0.65,2.05,90,95.5768,59,4.21124087131994,-26.1447630649288
100,0,0,33.3212,33.5657,1.57542,0,1.524,15.07,19,94.5327,0.65,2.05,90,95.5768,60,4.31252557156794,-26.4182718805276
100,0,0,33.3212,33.5657,1.57542,0,1.524,15.07,19,94.5327,0.65,2.05,90,95.5768,61,4.41059677892432,-26.7088649052945
100,0,0,33.3212,33.5657,1.57542,0,1.524,15.07,19,94.5327,0.65,2.05,90,95.5768,62,4.50535140822908,-27.0182744150993
100,0,0,33.3212,33.5657,1.57542,0,1.524,15.07,19,94.5327,0.65,2.05,90,95.5768,63,4.59670134019475,-27.3480524019512
100,0,0,33.3212,33.5657,1.57542,0,1.524,15.07,19,94.5327,0.65,2.05,90,95.5768,64,4.68457320197981,-27.6995622854475
100,0,0,33.3212,33.5657,1.57542,0,1.524,15.07,19,94.5327,0.65,2.05,90,95.5768,65,4.76890795039287,-28.0739668051452
100,0,0,33.3212,33.5657,1.57542,0,1.524,15.07,19,94.5327,0.65,2.05,90,95.5768,66,4.84966028531071,-28.4722090089975
100,0,0,33.3212,33.5657,1.57542,0,1.524,15.07,19,94.5327,0.65,2.05,90,95.5768,67,4.92679792088616,-28.8949829552846
100,0,0,33.3212,33.5657,1.57542,0,1.524,15.07,19,94.5327,0.65,2.05,90,95.5768,68,5.00030074149521,-29.342690318516
100,0,0,33.3212,33.5657,1.57542,0,1.524,15.07,19,94.5327,0.65,2.05,90,95.5768,69,5.07015986825149,-29.8153785731318
100,0,0,33.3212,33.5657,1.57542,0,1.524,15.07,19,94.5327,0.65,2.05,90,95.5768,70,5.13637666041535,-30.312655944731
100,0,0,33.3212,33.5657,1.57542,0,1.524,15.07,19,94.5327,0.65,2.05,90,95.5768,71,5.19896167423811,-30.8335781319844
100,0,0,33.3212,33.5657,1.57542,0,1.524,15.07,19,94.5327,0.65,2.05,90,95.5768,72,5.25793359979258,-31.3765024163994
100,0,0,33.3212,33.5657,1.57542,0,1.524,15.07,19,94.5327,0.65,2.05,90,95.5768,73,5.31331819421489,-31.938907062674
100,0,0,33.3212,33.5657,1.57542,0,1.524,15.07,19,94.5327,0.65,2.05,90,95.5768,74,5.36514722757584,-32.5171792388737
100,0,0,33.3212,33.5657,1.57542,0,1.524,15.07,19,94.5327,0.65,2.05,90,95.5768,75,5.4134574553579,-33.1063849346205
100,0,0,33.3212,33.5657,1.57542,0,1.524,15.07,19,94.5327,0.65,2.05,90,95.5768,76,5.45828962927573,-33.7000515386243
100,0,0,33.3212,33.5657,1.57542,0,1.524,15.07,19,94.5327,0.65,2.05,90,95.5768,77,5.49968755597691,-34.2900187156206
100,0,0,33.3212,33.5657,1.57542,0,1.524,15.07,19,94.5327,0.65,2.05,90,95.5768,78,5.53769721102504,-34.8664429458588
100,0,0,33.3212,33.5657,1.57542,0,1.524,15.07,19,94.5327,0.65,2.05,90,95.5768,79,5.57236591352798,-35.4180644384817
100,0,0,33.3212,33.5657,1.57542,0,1.524,15.07,19,94.5327,0.65,2.05,90,95.5768,80,5.60374156485505,-35.9328398521242
100,0,0,33.3212,33.5657,1.57542,0,1.524,15.07,19,94.5327,0.65,2.05,90,95.5768,81,5.63187195311405,-36.3989815785913
100,0,0,33.3212,33.5657,1.57542,0,1.524,15.07,19,94.5327,0.65,2.05,90,95.5768,82,5.65680412345568,-36.8063092526862
100,0,0,33.3212,33.5657,1.57542,0,1.524,15.07,19,94.5327,0.65,2.05,90,95.5768,83,5.67858381286216,-37.1476430239409
100,0,0,33.3212,33.5657,1.57542,0,1.524,15.07,19,94.5327,0.65,2.05,90,95.5768,84,5.6972549468788,-37.4198436088178
100,0,0,33.3212,33.5657,1.57542,0,1.524,15.07,19,94.5327,0.65,2.05,90,95.5768,85,5.71285919478056,-37.6241398149459
100,0,0,33.3212,33.5657,1.57542,0,1.524,15.07,19,94.5327,0.65,2.05,90,95.5768,86,5.72543557894456,-37.7656073933746
100,0,0,33.3212,33.5657,1.57542,0,1.524,15.07,19,94.5327,0.65,2.05,90,95.5768,87,5.73502013373508,-37.8519652140907
100,0,0,33.3212,33.5657,1.57542,0,1.524,15.07,19,94.5327,0.65,2.05,90,95.5768,88,5.74164560900575,-37.8920637523037
100,0,0,33.3212,33.5657,1.57542,0,1.524,15.07,19,94.5327,0.65,2.05,90,95.5768,89,5.7453412133841,-37.8944603173675
100,0,0,33.3212,33.5657,1.57542,0,1.524,15.07,19,94.5327,0.65,2.05,90,95.5768,90,5.74613239282226,-37.8663444307827
100,0,0,33.3212,33.5657,1.57542,0,1.524,15.07,19,94.5327,0.65,2.05,90,95.5768,91,5.74404064045959,-37.8129058281598
100,0,0,33.3212,33.5657,1.57542,0,1.524,15.07,19,94.5327,0.65,2.05,90,95.5768,92,5.73908333463258,-37.7371133058556
100,0,0,33.3212,33.5657,1.57542,0,1.524,15.07,19,94.5327,0.65,2.05,90,95.5768,93,5.73127360285506,-37.6398189333674
100,0,0,33.3212,33.5657,1.57542,0,1.524,15.07,19,94.5327,0.65,2.05,90,95.5768,94,5.72062021074776,-37.5200987666575
100,0,0,33.3212,33.5657,1.57542,0,1.524,15.07,19,94.5327,0.65,2.05,90,95.5768,95,5.70712747617835,-37.3757566016363
100,0,0,33.3212,33.5657,1.57542,0,1.524,15.07,19,94.5327,0.65,2.05,90,95.5768,96,5.69079521023818,-37.2039287011064
100,0,0,33.3212,33.5657,1.57542,0,1.524,15.07,19,94.5327,0.65,2.05,90,95.5768,97,5.67161868807709,-37.001726320469
100,0,0,33.3212,33.5657,1.57542,0,1.524,15.07,19,94.5327,0.65,2.05,90,95.5768,98,5.64958865398954,-36.766843311875
100,0,0,33.3212,33.5657,1.57542,0,1.524,15.07,19,94.5327,0.65,2.05,90,95.5768,99,5.62469136643561,-36.4980498677675
100,0,0,33.3212,33.5657,1.57542,0,1.524,15.07,19,94.5327,0.65,2.05,90,95.5768,100,5.59690868983036,-36.1955029485897
100,0,0,33.3212,33.5657,1.57542,0,1.524,15.07,19,94.5327,0.65,2.05,90,95.5768,101,5.56621824088662,-35.8608342971472
100,0,0,33.3212,33.5657,1.57542,0,1.524,15.07,19,94.5327,0.65,2.05,90,95.5768,102,5.53259359799446,-35.4970216694565
100,0,0,33.3212,33.5657,1.57542,0,1.524,15.07,19,94.5327,0.65,2.05,90,95.5768,103,5.49600458251385,-35.1080925228049
100,0,0,33.3212,33.5657,1.57542,0,1.524,15.07,19,94.5327,0.65,2.05,90,95.5768,104,5.45641762090157,-34.6987362433653
100,0,0,33.3212,33.5657,1.57542,0,1.524,15.07,19,94.5327,0.65,2.05,90,95.5768,105,5.41379619625307,-34.2739039196594
100,0,0,33.3212,33.5657,1.57542,0,1.524,15.07,19,94.5327,0.65,2.05,90,95.5768,106,5.36810139708789,-33.838457498496
100,0,0,33.3212,33.5657,1.57542,0,1.524,15.07,19,94.5327,0.65,2.05,90,95.5768,107,5.3192925700271,-33.3969034152166
100,0,0,33.3212,33.5657,1.57542,0,1.524,15.07,19,94.5327,0.65,2.05,90,95.5768,108,5.26732808139753,-32.9532200804469
100,0,0,33.3212,33.5657,1.57542,0,1.524,15.07,19,94.5327,0.65,2.05,90,95.5768,109,5.21216619075493,-32.510770302295
100,0,0,33.3212,33.5657,1.57542,0,1.524,15.07,19,94.5327,0.65,2.05,90,95.5768,110,5.15376603686161,-32.0722803133079
100,0,0,33.3212,33.5657,1.57542,0,1.524,15.07,19,94.5327,0.65,2.05,90,95.5768,111,5.09208873380579,-31.6398648534523
100,0,0,33.3212,33.5657,1.57542,0,1.524,15.07,19,94.5327,0.65,2.05,90,95.5768,112,5.0270985717426,-31.2150799392721
100,0,0,33.3212,33.5657,1.57542,0,1.524,15.07,19,94.5327,0.65,2.05,90,95.5768,113,4.9587643132043,-30.7989890318888
100,0,0,33.3212,33.5657,1.57542,0,1.524,15.07,19,94.5327,0.65,2.05,90,95.5768,114,4.88706057211464,-30.3922326438496
100,0,0,33.3212,33.5657,1.57542,0,1.524,15.07,19,94.5327,0.65,2.05,90,95.5768,115,4.81196925859496,-29.9950951478151
100,0,0,33.3212,33.5657,1.57542,0,1.524,15.07,19,94.5327,0.65,2.05,90,95.5768,116,4.73348106842031,-29.6075653856339
100,0,0,33.3212,33.5657,1.57542,0,1.524,15.07,19,94.5327,0.65,2.05,90,95.5768,117,4.65159699163442,-29.2293896543763
100,0,0,33.3212,33.5657,1.57542,0,1.524,15.07,19,94.5327,0.65,2.05,90,95.5768,118,4.56632981043324,-28.8601169265886
100,0,0,33.3212,33.5657,1.57542,0,1.524,15.07,19,94.5327,0.65,2.05,90,95.5768,119,4.47770555206687,-28.4991369303934
100,0,0,33.3212,33.5657,1.57542,0,1.524,15.07,19,94.5327,0.65,2.05,90,95.5768,120,4.38576485829824,-28.1457121318346
100,0,0,33.3212,33.5657,1.57542,0,1.524,15.07,19,94.5327,0.65,2.05,90,95.5768,121,4.29056422903373,-27.7990048480426
100,0,0,33.3212,33.5657,1.57542,0,1.524,15.07,19,94.5327,0.65,2.05,90,95.5768,122,4.19217709428082,-27.4581007575258
100,0,0,33.3212,33.5657,1.57542,0,1.524,15.07,19,94.5327,0.65,2.05,90,95.5768,123,4.09069466580851,-27.1220300141191
100,0,0,33.3212,33.5657,1.57542,0,1.524,15.07,19,94.5327,0.65,2.05,90,95.5768,124,3.98622651805206,-26.7897870424264
100,0,0,33.3212,33.5657,1.57542,0,1.524,15.07,19,94.5327,0.65,2.05,90,95.5768,125,3.87890084722332,-26.4603499096307
100,0,0,33.3212,33.5657,1.57542,0,1.524,15.07,19,94.5327,0.65,2.05,90,95.5768,126,3.76886435861176,-26.1326999390768
100,0,0,33.3212,33.5657,1.57542,0,1.524,15.07,19,94.5327,0.65,2.05,90,95.5768,127,3.65628173506375,-25.8058419617498
100,0,0,33.3212,33.5657,1.57542,0,1.524,15.07,19,94.5327,0.65,2.05,90,95.5768,128,3.54133464498558,-25.4788253026856
100,0,0,33.3212,33.5657,1.57542,0,1.524,15.07,19,94.5327,0.65,2.05,90,95.5768,129,3.42422025627188,-25.1507652867926
100,0,0,33.3212,33.5657,1.57542,0,1.524,15.07,19,94.5327,0.65,2.05,90,95.5768,130,3.30514923358244,-24.8208647461763
100,0,0,33.3212,33.5657,1.57542,0,1.524,15.07,19,94.5327,0.65,2.05,90,95.5768,131,3.18434321050716,-24.4884347487132
100,0,0,33.3212,33.5657,1.57542,0,1.524,15.07,19,94.5327,0.65,2.05,90,95.5768,132,3.06203174531366,-24.1529135778498
100,0,0,33.3212,33.5657,1.57542,0,1.524,15.07,19,94.5327,0.65,2.05,90,95.5768,133,2.93844878885432,-23.8138829061277
100,0,0,33.3212,33.5657,1.57542,0,1.524,15.07,19,94.5327,0.65,2.05,90,95.5768,134,2.81382871521287,-23.4710801401753
100,0,0,33.3212,33.5657,1.57542,0,1.524,15.07,19,94.5327,0.65,2.05,90,95.5768,135,2.68840198886387,-23.1244060780373
100,0,0,33.3212,33.5657,1.57542,0,1.524,15.07,19,94.5327,0.65,2.05,90,95.5768,136,2.56239056525255,-22.773927297234
100,0,0,33.3212,33.5657,1.57542,0,1.524,15.07,19,94.5327,0.65,2.05,90,95.5768,137,2.43600314325571,-22.4198730518727
100,0,0,33.3212,33.5657,1.57542,0,1.524,15.07,19,94.5327,0.65,2.05,90,95.5768,138,2.30943040625967,-22.0626268536293
100,0,0,33.3212,33.5657,1.57542,0,1.524,15.07,19,94.5327,0.65,2.05,90,95.5768,139,2.18284040185425,-21.702713292689
100,0,0,33.3212,33.5657,1.57542,0,1.524,15.07,19,94.5327,0.65,2.05,90,95.5768,140,2.05637421680055,-21.3407809725879
100,0,0,33.3212,33.5657,1.57542,0,1.524,15.07,19,94.5327,0.65,2.05,90,95.5768,141,1.9301421027305,-20.9775826512586
100,0,0,33.3212,33.5657,1.57542,0,1.524,15.07,19,94.5327,0.65,2.05,90,95.5768,142,1.80422019825022,-20.613953781057
100,0,0,33.3212,33.5657,1.57542,0,1.524,15.07,19,94.5327,0.65,2.05,90,95.5768,143,1.67864797469599,-20.2507906237707
100,0,0,33.3212,33.5657,1.57542,0,1.524,15.07,19,94.5327,0.65,2.05,90,95.5768,144,1.55342650643989,-19.8890289995759
100,0,0,33.3212,33.5657,1.57542,0,1.524,15.07,19,94.5327,0.65,2.05,90,95.5768,145,1.42851763382574,-19.5296245395648
100,0,0,33.3212,33.5657,1.57542,0,1.524,15.07,19,94.5327,0.65,2.05,90,95.5768,146,1.30384404964821,-19.1735350821469
100,0,0,33.3212,33.5657,1.57542,0,1.524,15.07,19,94.5327,0.65,2.05,90,95.5768,147,1.17929030114119,-18.8217056151865
100,0,0,33.3212,33.5657,1.57542,0,1.524,15.07,19,94.5327,0.65,2.05,90,95.5768,148,1.05470466148565,-18.4750559432438
100,0,0,33.3212,33.5657,1.57542,0,1.524,15.07,19,94.5327,0.65,2.05,90,95.5768,149,0.929901790561703,-18.1344710699098
100,0,0,33.3212,33.5657,1.57542,0,1.524,15.07,19,94.5327,0.65,2.05,90,95.5768,150,0.804666076366299,-17.8007941379728
100,0,0,33.3212,33.5657,1.57542,0,1.524,15.07,19,94.5327,0.65,2.05,90,95.5768,151,0.678755527920507,-17.4748216670165
100,0,0,33.3212,33.5657,1.57542,0,1.524,15.07,19,94.5327,0.65,2.05,90,95.5768,152,0.551906078586698,-17.1573007658218
100,0,0,33.3212,33.5657,1.57542,0,1.524,15.07,19,94.5327,0.65,2.05,90,95.5768,153,0.42383615572052,-16.8489279692494
100,0,0,33.3212,33.5657,1.57542,0,1.524,15.07,19,94.5327,0.65,2.05,90,95.5768,154,0.294251377980002,-16.5503493483027
100,0,0,33.3212,33.5657,1.57542,0,1.524,15.07,19,94.5327,0.65,2.05,90,95.5768,155,0.162849254288823,-16.2621615599268
100,0,0,33.3212,33.5657,1.57542,0,1.524,15.07,19,94.5327,0.65,2.05,90,95.5768,156,0.029323776863562,-15.9849135326682
100,0,0,33.3212,33.5657,1.57542,0,1.524,15.07,19,94.5327,0.65,2.05,90,95.5768,157,-0.10663017690072,-15.7191085197096
100,0,0,33.3212,33.5657,1.57542,0,1.524,15.07,19,94.5327,0.65,2.05,90,95.5768,158,-0.245312694340052,-15.4652062874811
100,0,0,33.3212,33.5657,1.57542,0,1.524,15.07,19,94.5327,0.65,2.05,90,95.5768,159,-0.387014964844873,-15.2236252427829
100,0,0,33.3212,33.5657,1.57542,0,1.524,15.07,19,94.5327,0.65,2.05,90,95.5768,160,-0.532015716148642,-14.9947443320118
100,0,0,33.3212,33.5657,1.57542,0,1.524,15.07,19,94.5327,0.65,2.05,90,95.5768,161,-0.680577939185723,-14.7789045713967
100,0,0,33.3212,33.5657,1.57542,0,1.524,15.07,19,94.5327,0.65,2.05,90,95.5768,162,-0.832945872125524,-14.5764100865239
100,0,0,33.3212,33.5657,1.57542,0,1.524,15.07,19,94.5327,0.65,2.05,90,95.5768,163,-0.989342198672632,-14.387528552745
100,0,0,33.3212,33.5657,1.57542,0,1.524,15.07,19,94.5327,0.65,2.05,90,95.5768,164,-1.14996540395554,-14.212490935495
100,0,0,33.3212,33.5657,1.57542,0,1.524,15.07,19,94.5327,0.65,2.05,90,95.5768,165,-1.31498722338378,-14.0514904315387
100,0,0,33.3212,33.5657,1.57542,0,1.524,15.07,19,94.5327,0.65,2.05,90,95.5768,166,-1.48455011567922,-13.9046805093117
100,0,0,33.3212,33.5657,1.57542,0,1.524,15.07,19,94.5327,0.65,2.05,90,95.5768,167,-1.65876469076743,-13.7721719396461
100,0,0,33.3212,33.5657,1.57542,0,1.524,15.07,19,94.5327,0.65,2.05,90,95.5768,168,-1.83770702623751,-13.654028698326
100,0,0,33.3212,33.5657,1.57542,0,1.524,15.07,19,94.5327,0.65,2.05,90,95.5768,169,-2.02141581258819,-13.5502626105677
100,0,0,33.3212,33.5657,1.57542,0,1.524,15.07,19,94.5327,0.65,2.05,90,95.5768,170,-2.20988927752442,-13.460826596685
100,0,0,33.3212,33.5657,1.57542,0,1.524,15.07,19,94.5327,0.65,2.05,90,95.5768,171,-2.40308185333159,-13.385606370768
100,0,0,33.3212,33.5657,1.57542,0,1.524,15.07,19,94.5327,0.65,2.05,90,95.5768,172,-2.60090056916837,-13.3244104442456
100,0,0,33.3212,33.5657,1.57542,0,1.524,15.07,19,94.5327,0.65,2.05,90,95.5768,173,-2.80320117246323,-13.2769582994606
100,0,0,33.3212,33.5657,1.57542,0,1.524,15.07,19,94.5327,0.65,2.05,90,95.5768,174,-3.00978401107591,-13.2428666327527
100,0,0,33.3212,33.5657,1.57542,0,1.524,15.07,19,94.5327,0.65,2.05,90,95.5768,175,-3.22038974115211,-13.2216336325808
100,0,0,33.3212,33.5657,1.57542,0,1.524,15.07,19,94.5327,0.65,2.05,90,95.5768,176,-3.43469496526707,-13.2126213695615
100,0,0,33.3212,33.5657,1.57542,0,1.524,15.07,19,94.5327,0.65,2.05,90,95.5768,177,-3.65230795191281,-13.2150365486431
100,0,0,33.3212,33.5657,1.57542,0,1.524,15.07,19,94.5327,0.65,2.05,90,95.5768,178,-3.87276464056635,-13.2279101278947
100,0,0,33.3212,33.5657,1.57542,0,1.524,15.07,19,94.5327,0.65,2.05,90,95.5768,179,-4.09552519563283,-13.250076662464
100,0,0,33.3212,33.5657,1.57542,0,1.524,15.07,19,94.5327,0.65,2.05,90,95.5768,180,-4.31997143545414,-13.280154700304
