"a [mm]","Alpha1 [deg]","Beta1 [deg]","Dphia [deg]","Dthetaa [deg]","Freq [GHz]","Gamma1 [deg]","h [mm]","Hprobe [mm]","numseg []","Phi [deg]","phip1 [deg]","rprobe [mm]","Rteflon [mm]","thetap1 [deg]","Theta [deg]","dB(GainLHCP) []","dB(GainRHCP) []"
100,0,0,33.3295,33.5702,1.57542,0,1.524,15.07,19,90,94.5545,0.65,2.05,95.5823,-180,-4.29880401504091,-12.8401813281764
100,0,0,33.3295,33.5702,1.57542,0,1.524,15.07,19,90,94.5545,0.65,2.05,95.5823,-179,-4.51052340844201,-12.8638745616593
100,0,0,33.3295,33.5702,1.57542,0,1.524,15.07,19,90,94.5545,0.65,2.05,95.5823,-178,-4.72374040932169,-12.8970389404568
100,0,0,33.3295,33.5702,1.57542,0,1.524,15.07,19,90,94.5545,0.65,2.05,95.5823,-177,-4.93791351434778,-12.9379650091754
100,0,0,33.3295,33.5702,1.57542,0,1.524,15.07,19,90,94.5545,0.65,2.05,95.5823,-176,-5.15241718098006,-12.98469149676
100,0,0,33.3295,33.5702,1.57542,0,1.524,15.07,19,90,94.5545,0.65,2.05,95.5823,-175,-5.36654151106634,-13.0350023490099
100,0,0,33.3295,33.5702,1.57542,0,1.524,15.07,19,90,94.5545,0.65,2.05,95.5823,-174,-5.57949445339953,-13.0864372001031
100,0,0,33.3295,33.5702,1.57542,0,1.524,15.07,19,90,94.5545,0.65,2.05,95.5823,-173,-5.790407009195,-13.1363198230645
100,0,0,33.3295,33.5702,1.57542,0,1.524,15.07,19,90,94.5545,0.65,2.05,95.5823,-172,-5.99834189674618,-13.1818088604318
100,0,0,33.3295,33.5702,1.57542,0,1.524,15.07,19,90,94.5545,0.65,2.05,95.5823,-171,-6.20230605348041,-13.2199739802983
100,0,0,33.3295,33.5702,1.57542,0,1.524,15.07,19,90,94.5545,0.65,2.05,95.5823,-170,-6.40126721279822,-13.2478982665264
100,0,0,33.3295,33.5702,1.57542,0,1.524,15.07,19,90,94.5545,0.65,2.05,95.5823,-169,-6.59417458136198,-13.2628040771
100,0,0,33.3295,33.5702,1.57542,0,1.524,15.07,19,90,94.5545,0.65,2.05,95.5823,-168,-6.77998336002197,-13.2621951026101
100,0,0,33.3295,33.5702,1.57542,0,1.524,15.07,19,90,94.5545,0.65,2.05,95.5823,-167,-6.95768251044573,-13.2440027123969
100,0,0,33.3295,33.5702,1.57542,0,1.524,15.07,19,90,94.5545,0.65,2.05,95.5823,-166,-7.12632479657531,-13.2067210844714
100,0,0,33.3295,33.5702,1.57542,0,1.524,15.07,19,90,94.5545,0.65,2.05,95.5823,-165,-7.2850577670609,-13.1495143825906
100,0,0,33.3295,33.5702,1.57542,0,1.524,15.07,19,90,94.5545,0.65,2.05,95.5823,-164,-7.43315404504578,-13.0722812900656
100,0,0,33.3295,33.5702,1.57542,0,1.524,15.07,19,90,94.5545,0.65,2.05,95.5823,-163,-7.57003911201675,-12.9756675786068
100,0,0,33.3295,33.5702,1.57542,0,1.524,15.07,19,90,94.5545,0.65,2.05,95.5823,-162,-7.69531476212036,-12.8610250417712
100,0,0,33.3295,33.5702,1.57542,0,1.524,15.07,19,90,94.5545,0.65,2.05,95.5823,-161,-7.80877659134038,-12.7303231959684
100,0,0,33.3295,33.5702,1.57542,0,1.524,15.07,19,90,94.5545,0.65,2.05,95.5823,-160,-7.91042427060251,-12.586026629893
100,0,0,33.3295,33.5702,1.57542,0,1.524,15.07,19,90,94.5545,0.65,2.05,95.5823,-159,-8.00046389663471,-12.4309543338203
100,0,0,33.3295,33.5702,1.57542,0,1.524,15.07,19,90,94.5545,0.65,2.05,95.5823,-158,-8.07930235172721,-12.2681373678123
100,0,0,33.3295,33.5702,1.57542,0,1.524,15.07,19,90,94.5545,0.65,2.05,95.5823,-157,-8.1475342471539,-12.1006884466496
100,0,0,33.3295,33.5702,1.57542,0,1.524,15.07,19,90,94.5545,0.65,2.05,95.5823,-156,-8.20592258744897,-11.9316926439213
100,0,0,33.3295,33.5702,1.57542,0,1.524,15.07,19,90,94.5545,0.65,2.05,95.5823,-155,-8.25537470310268,-11.7641237381645
100,0,0,33.3295,33.5702,1.57542,0,1.524,15.07,19,90,94.5545,0.65,2.05,95.5823,-154,-8.29691521642999,-11.6007867115524
100,0,0,33.3295,33.5702,1.57542,0,1.524,15.07,19,90,94.5545,0.65,2.05,95.5823,-153,-8.33165782318047,-11.4442840638377
100,0,0,33.3295,33.5702,1.57542,0,1.524,15.07,19,90,94.5545,0.65,2.05,95.5823,-152,-8.36077751628078,-11.2970019936043
100,0,0,33.3295,33.5702,1.57542,0,1.524,15.07,19,90,94.5545,0.65,2.05,95.5823,-151,-8.38548459516161,-11.1611119249347
100,0,0,33.3295,33.5702,1.57542,0,1.524,15.07,19,90,94.5545,0.65,2.05,95.5823,-150,-8.40700145098578,-11.0385830070371
100,0,0,33.3295,33.5702,1.57542,0,1.524,15.07,19,90,94.5545,0.65,2.05,95.5823,-149,-8.42654274899175,-10.9312017769704
100,0,0,33.3295,33.5702,1.57542,0,1.524,15.07,19,90,94.5545,0.65,2.05,95.5823,-148,-8.44529928766108,-10.8405959043269
100,0,0,33.3295,33.5702,1.57542,0,1.524,15.07,19,90,94.5545,0.65,2.05,95.5823,-147,-8.46442552935579,-10.7682596639867
100,0,0,33.3295,33.5702,1.57542,0,1.524,15.07,19,90,94.5545,0.65,2.05,95.5823,-146,-8.48503058239682,-10.7155794112082
100,0,0,33.3295,33.5702,1.57542,0,1.524,15.07,19,90,94.5545,0.65,2.05,95.5823,-145,-8.50817227177512,-10.6838578150324
100,0,0,33.3295,33.5702,1.57542,0,1.524,15.07,19,90,94.5545,0.65,2.05,95.5823,-144,-8.53485385760492,-10.6743359236517
100,0,0,33.3295,33.5702,1.57542,0,1.524,15.07,19,90,94.5545,0.65,2.05,95.5823,-143,-8.56602293497611,-10.6882122837486
100,0,0,33.3295,33.5702,1.57542,0,1.524,15.07,19,90,94.5545,0.65,2.05,95.5823,-142,-8.60257206230186,-10.7266583083227
100,0,0,33.3295,33.5702,1.57542,0,1.524,15.07,19,90,94.5545,0.65,2.05,95.5823,-141,-8.64534070445749,-10.7908288655603
100,0,0,33.3295,33.5702,1.57542,0,1.524,15.07,19,90,94.5545,0.65,2.05,95.5823,-140,-8.69511813075622,-10.8818666040133
100,0,0,33.3295,33.5702,1.57542,0,1.524,15.07,19,90,94.5545,0.65,2.05,95.5823,-139,-8.75264696738137,-11.0008977625016
100,0,0,33.3295,33.5702,1.57542,0,1.524,15.07,19,90,94.5545,0.65,2.05,95.5823,-138,-8.81862716306788,-11.1490160148189
100,0,0,33.3295,33.5702,1.57542,0,1.524,15.07,19,90,94.5545,0.65,2.05,95.5823,-137,-8.89372018157855,-11.3272490817918
100,0,0,33.3295,33.5702,1.57542,0,1.524,15.07,19,90,94.5545,0.65,2.05,95.5823,-136,-8.97855328260981,-11.5365001324226
100,0,0,33.3295,33.5702,1.57542,0,1.524,15.07,19,90,94.5545,0.65,2.05,95.5823,-135,-9.07372379325334,-11.7774520171168
100,0,0,33.3295,33.5702,1.57542,0,1.524,15.07,19,90,94.5545,0.65,2.05,95.5823,-134,-9.17980330500462,-12.050416673654
100,0,0,33.3295,33.5702,1.57542,0,1.524,15.07,19,90,94.5545,0.65,2.05,95.5823,-133,-9.29734175707382,-12.3551042080893
100,0,0,33.3295,33.5702,1.57542,0,1.524,15.07,19,90,94.5545,0.65,2.05,95.5823,-132,-9.4268713862496,-12.6902762070066
100,0,0,33.3295,33.5702,1.57542,0,1.524,15.07,19,90,94.5545,0.65,2.05,95.5823,-131,-9.56891053774006,-13.053237290015
100,0,0,33.3295,33.5702,1.57542,0,1.524,15.07,19,90,94.5545,0.65,2.05,95.5823,-130,-9.72396734120929,-13.4391130963568
100,0,0,33.3295,33.5702,1.57542,0,1.524,15.07,19,90,94.5545,0.65,2.05,95.5823,-129,-9.89254326250548,-13.839875594504
100,0,0,33.3295,33.5702,1.57542,0,1.524,15.07,19,90,94.5545,0.65,2.05,95.5823,-128,-10.0751365450722,-14.2431370931335
100,0,0,33.3295,33.5702,1.57542,0,1.524,15.07,19,90,94.5545,0.65,2.05,95.5823,-127,-10.2722455563419,-14.6308921654812
100,0,0,33.3295,33.5702,1.57542,0,1.524,15.07,19,90,94.5545,0.65,2.05,95.5823,-126,-10.4843720539664,-14.9786941308835
100,0,0,33.3295,33.5702,1.57542,0,1.524,15.07,19,90,94.5545,0.65,2.05,95.5823,-125,-10.7120243848229,-15.2561797392623
100,0,0,33.3295,33.5702,1.57542,0,1.524,15.07,19,90,94.5545,0.65,2.05,95.5823,-124,-10.955720626476,-15.4301081453171
100,0,0,33.3295,33.5702,1.57542,0,1.524,15.07,19,90,94.5545,0.65,2.05,95.5823,-123,-11.2159916761213,-15.4704964350757
100,0,0,33.3295,33.5702,1.57542,0,1.524,15.07,19,90,94.5545,0.65,2.05,95.5823,-122,-11.4933842857783,-15.358514866733
100,0,0,33.3295,33.5702,1.57542,0,1.524,15.07,19,90,94.5545,0.65,2.05,95.5823,-121,-11.7884640342015,-15.0925326600121
100,0,0,33.3295,33.5702,1.57542,0,1.524,15.07,19,90,94.5545,0.65,2.05,95.5823,-120,-12.1018182149566,-14.68867492579
100,0,0,33.3295,33.5702,1.57542,0,1.524,15.07,19,90,94.5545,0.65,2.05,95.5823,-119,-12.4340586053645,-14.1755254265602
100,0,0,33.3295,33.5702,1.57542,0,1.524,15.07,19,90,94.5545,0.65,2.05,95.5823,-118,-12.7858240611043,-13.5862493143176
100,0,0,33.3295,33.5702,1.57542,0,1.524,15.07,19,90,94.5545,0.65,2.05,95.5823,-117,-13.1577828541549,-12.9519857057324
100,0,0,33.3295,33.5702,1.57542,0,1.524,15.07,19,90,94.5545,0.65,2.05,95.5823,-116,-13.550634634597,-12.2982771738523
100,0,0,33.3295,33.5702,1.57542,0,1.524,15.07,19,90,94.5545,0.65,2.05,95.5823,-115,-13.9651118455576,-11.6441920446363
100,0,0,33.3295,33.5702,1.57542,0,1.524,15.07,19,90,94.5545,0.65,2.05,95.5823,-114,-14.4019803495939,-11.0029927090703
100,0,0,33.3295,33.5702,1.57542,0,1.524,15.07,19,90,94.5545,0.65,2.05,95.5823,-113,-14.8620389260194,-10.3833656972704
100,0,0,33.3295,33.5702,1.57542,0,1.524,15.07,19,90,94.5545,0.65,2.05,95.5823,-112,-15.3461171605857,-9.79065771283274
100,0,0,33.3295,33.5702,1.57542,0,1.524,15.07,19,90,94.5545,0.65,2.05,95.5823,-111,-15.8550710551387,-9.22789680950238
100,0,0,33.3295,33.5702,1.57542,0,1.524,15.07,19,90,94.5545,0.65,2.05,95.5823,-110,-16.3897754117466,-8.69655863398374
100,0,0,33.3295,33.5702,1.57542,0,1.524,15.07,19,90,94.5545,0.65,2.05,95.5823,-109,-16.9511116594353,-8.19711097786054
100,0,0,33.3295,33.5702,1.57542,0,1.524,15.07,19,90,94.5545,0.65,2.05,95.5823,-108,-17.5399492432597,-7.72938823402341
100,0,0,33.3295,33.5702,1.57542,0,1.524,15.07,19,90,94.5545,0.65,2.05,95.5823,-107,-18.1571179151339,-7.29284344288727
100,0,0,33.3295,33.5702,1.57542,0,1.524,15.07,19,90,94.5545,0.65,2.05,95.5823,-106,-18.8033671546655,-6.88671535855033
100,0,0,33.3295,33.5702,1.57542,0,1.524,15.07,19,90,94.5545,0.65,2.05,95.5823,-105,-19.4793073687364,-6.51013775667091
100,0,0,33.3295,33.5702,1.57542,0,1.524,15.07,19,90,94.5545,0.65,2.05,95.5823,-104,-20.185325286989,-6.16220999426913
100,0,0,33.3295,33.5702,1.57542,0,1.524,15.07,19,90,94.5545,0.65,2.05,95.5823,-103,-20.9214628587561,-5.84204180055785
100,0,0,33.3295,33.5702,1.57542,0,1.524,15.07,19,90,94.5545,0.65,2.05,95.5823,-102,-21.687244726585,-5.54878104921787
100,0,0,33.3295,33.5702,1.57542,0,1.524,15.07,19,90,94.5545,0.65,2.05,95.5823,-101,-22.4814338679541,-5.28163037151289
100,0,0,33.3295,33.5702,1.57542,0,1.524,15.07,19,90,94.5545,0.65,2.05,95.5823,-100,-23.3016885358973,-5.03985652022087
100,0,0,33.3295,33.5702,1.57542,0,1.524,15.07,19,90,94.5545,0.65,2.05,95.5823,-99,-24.1440875899781,-4.82279508931679
100,0,0,33.3295,33.5702,1.57542,0,1.524,15.07,19,90,94.5545,0.65,2.05,95.5823,-98,-25.0024897037497,-4.62985232364412
100,0,0,33.3295,33.5702,1.57542,0,1.524,15.07,19,90,94.5545,0.65,2.05,95.5823,-97,-25.8677041062033,-4.46050517267383
100,0,0,33.3295,33.5702,1.57542,0,1.524,15.07,19,90,94.5545,0.65,2.05,95.5823,-96,-26.7264949964732,-4.31430035609403
100,0,0,33.3295,33.5702,1.57542,0,1.524,15.07,19,90,94.5545,0.65,2.05,95.5823,-95,-27.560548521165,-4.1908529518478
100,0,0,33.3295,33.5702,1.57542,0,1.524,15.07,19,90,94.5545,0.65,2.05,95.5823,-94,-28.3457318455092,-4.08984484644272
100,0,0,33.3295,33.5702,1.57542,0,1.524,15.07,19,90,94.5545,0.65,2.05,95.5823,-93,-29.0522573695599,-4.01102327441556
100,0,0,33.3295,33.5702,1.57542,0,1.524,15.07,19,90,94.5545,0.65,2.05,95.5823,-92,-29.6465810830376,-3.95419959983124
100,0,0,33.3295,33.5702,1.57542,0,1.524,15.07,19,90,94.5545,0.65,2.05,95.5823,-91,-30.09564182781,-3.91924844503383
100,0,0,33.3295,33.5702,1.57542,0,1.524,15.07,19,90,94.5545,0.65,2.05,95.5823,-90,-30.372993949337,-3.90610724215257
100,0,0,33.3295,33.5702,1.57542,0,1.524,15.07,19,90,94.5545,0.65,2.05,95.5823,-89,-30.4647663013411,-3.91477626548392
100,0,0,33.3295,33.5702,1.57542,0,1.524,15.07,19,90,94.5545,0.65,2.05,95.5823,-88,-30.3725886788363,-3.94531919405533
100,0,0,33.3295,33.5702,1.57542,0,1.524,15.07,19,90,94.5545,0.65,2.05,95.5823,-87,-30.1119786804104,-3.99786425088135
100,0,0,33.3295,33.5702,1.57542,0,1.524,15.07,19,90,94.5545,0.65,2.05,95.5823,-86,-29.7073487718593,-4.07260596689362
100,0,0,33.3295,33.5702,1.57542,0,1.524,15.07,19,90,94.5545,0.65,2.05,95.5823,-85,-29.1863487979784,-4.16980762198818
100,0,0,33.3295,33.5702,1.57542,0,1.524,15.07,19,90,94.5545,0.65,2.05,95.5823,-84,-28.5756656003932,-4.28980442205091
100,0,0,33.3295,33.5702,1.57542,0,1.524,15.07,19,90,94.5545,0.65,2.05,95.5823,-83,-27.8988531911615,-4.43300747817656
100,0,0,33.3295,33.5702,1.57542,0,1.524,15.07,19,90,94.5545,0.65,2.05,95.5823,-82,-27.1757047034497,-4.59990866133568
100,0,0,33.3295,33.5702,1.57542,0,1.524,15.07,19,90,94.5545,0.65,2.05,95.5823,-81,-26.4224375582774,-4.79108641066259
100,0,0,33.3295,33.5702,1.57542,0,1.524,15.07,19,90,94.5545,0.65,2.05,95.5823,-80,-25.6521662110246,-5.00721257349138
100,0,0,33.3295,33.5702,1.57542,0,1.524,15.07,19,90,94.5545,0.65,2.05,95.5823,-79,-24.8754013280592,-5.24906034562043
100,0,0,33.3295,33.5702,1.57542,0,1.524,15.07,19,90,94.5545,0.65,2.05,95.5823,-78,-24.100487417816,-5.51751335338519
100,0,0,33.3295,33.5702,1.57542,0,1.524,15.07,19,90,94.5545,0.65,2.05,95.5823,-77,-23.3339691755891,-5.81357586225663
100,0,0,33.3295,33.5702,1.57542,0,1.524,15.07,19,90,94.5545,0.65,2.05,95.5823,-76,-22.5808995281131,-6.13838398869878
100,0,0,33.3295,33.5702,1.57542,0,1.524,15.07,19,90,94.5545,0.65,2.05,95.5823,-75,-21.8451026326246,-6.49321759755034
100,0,0,33.3295,33.5702,1.57542,0,1.524,15.07,19,90,94.5545,0.65,2.05,95.5823,-74,-21.1294002004791,-6.87951222686401
100,0,0,33.3295,33.5702,1.57542,0,1.524,15.07,19,90,94.5545,0.65,2.05,95.5823,-73,-20.4358057056668,-7.29886979572392
100,0,0,33.3295,33.5702,1.57542,0,1.524,15.07,19,90,94.5545,0.65,2.05,95.5823,-72,-19.7656892883959,-7.75306584793466
100,0,0,33.3295,33.5702,1.57542,0,1.524,15.07,19,90,94.5545,0.65,2.05,95.5823,-71,-19.1199157895067,-8.24404937528114
100,0,0,33.3295,33.5702,1.57542,0,1.524,15.07,19,90,94.5545,0.65,2.05,95.5823,-70,-18.4989585437092,-8.7739283508166
100,0,0,33.3295,33.5702,1.57542,0,1.524,15.07,19,90,94.5545,0.65,2.05,95.5823,-69,-17.9029918135775,-9.34492913227707
100,0,0,33.3295,33.5702,1.57542,0,1.524,15.07,19,90,94.5545,0.65,2.05,95.5823,-68,-17.3319648499836,-9.95930941298506
100,0,0,33.3295,33.5702,1.57542,0,1.524,15.07,19,90,94.5545,0.65,2.05,95.5823,-67,-16.7856604829938,-10.6191899606274
100,0,0,33.3295,33.5702,1.57542,0,1.524,15.07,19,90,94.5545,0.65,2.05,95.5823,-66,-16.2637409222237,-11.3262460526197
100,0,0,33.3295,33.5702,1.57542,0,1.524,15.07,19,90,94.5545,0.65,2.05,95.5823,-65,-15.7657831377999,-12.081159478136
100,0,0,33.3295,33.5702,1.57542,0,1.524,15.07,19,90,94.5545,0.65,2.05,95.5823,-64,-15.29130585498,-12.8826695120927
100,0,0,33.3295,33.5702,1.57542,0,1.524,15.07,19,90,94.5545,0.65,2.05,95.5823,-63,-14.8397898637965,-13.7259751343817
100,0,0,33.3295,33.5702,1.57542,0,1.524,15.07,19,90,94.5545,0.65,2.05,95.5823,-62,-14.4106930413715,-14.6001586040607
100,0,0,33.3295,33.5702,1.57542,0,1.524,15.07,19,90,94.5545,0.65,2.05,95.5823,-61,-14.0034612188802,-15.4843448228571
100,0,0,33.3295,33.5702,1.57542,0,1.524,15.07,19,90,94.5545,0.65,2.05,95.5823,-60,-13.6175358000667,-16.3428337806418
100,0,0,33.3295,33.5702,1.57542,0,1.524,15.07,19,90,94.5545,0.65,2.05,95.5823,-59,-13.2523588518436,-17.1211170423629
100,0,0,33.3295,33.5702,1.57542,0,1.524,15.07,19,90,94.5545,0.65,2.05,95.5823,-58,-12.9073762357502,-17.7478523183034
100,0,0,33.3295,33.5702,1.57542,0,1.524,15.07,19,90,94.5545,0.65,2.05,95.5823,-57,-12.5820392269767,-18.1498404765762
100,0,0,33.3295,33.5702,1.57542,0,1.524,15.07,19,90,94.5545,0.65,2.05,95.5823,-56,-12.2758049703513,-18.2801168751869
100,0,0,33.3295,33.5702,1.57542,0,1.524,15.07,19,90,94.5545,0.65,2.05,95.5823,-55,-11.9881360456322,-18.1420618554755
100,0,0,33.3295,33.5702,1.57542,0,1.524,15.07,19,90,94.5545,0.65,2.05,95.5823,-54,-11.7184993537001,-17.7875241302956
100,0,0,33.3295,33.5702,1.57542,0,1.524,15.07,19,90,94.5545,0.65,2.05,95.5823,-53,-11.4663644875391,-17.2908386454263
100,0,0,33.3295,33.5702,1.57542,0,1.524,15.07,19,90,94.5545,0.65,2.05,95.5823,-52,-11.2312017145041,-16.7217925833397
100,0,0,33.3295,33.5702,1.57542,0,1.524,15.07,19,90,94.5545,0.65,2.05,95.5823,-51,-11.012479667167,-16.1325230687897
100,0,0,33.3295,33.5702,1.57542,0,1.524,15.07,19,90,94.5545,0.65,2.05,95.5823,-50,-10.8096628172811,-15.5566610888266
100,0,0,33.3295,33.5702,1.57542,0,1.524,15.07,19,90,94.5545,0.65,2.05,95.5823,-49,-10.6222087898121,-15.0136227801998
100,0,0,33.3295,33.5702,1.57542,0,1.524,15.07,19,90,94.5545,0.65,2.05,95.5823,-48,-10.4495655605547,-14.5134036608114
100,0,0,33.3295,33.5702,1.57542,0,1.524,15.07,19,90,94.5545,0.65,2.05,95.5823,-47,-10.2911685708743,-14.060257044135
100,0,0,33.3295,33.5702,1.57542,0,1.524,15.07,19,90,94.5545,0.65,2.05,95.5823,-46,-10.1464377861002,-13.6551297696906
100,0,0,33.3295,33.5702,1.57542,0,1.524,15.07,19,90,94.5545,0.65,2.05,95.5823,-45,-10.0147747197787,-13.2971618062042
100,0,0,33.3295,33.5702,1.57542,0,1.524,15.07,19,90,94.5545,0.65,2.05,95.5823,-44,-9.89555944425779,-12.9845723013061
100,0,0,33.3295,33.5702,1.57542,0,1.524,15.07,19,90,94.5545,0.65,2.05,95.5823,-43,-9.78814760897298,-12.7151682819408
100,0,0,33.3295,33.5702,1.57542,0,1.524,15.07,19,90,94.5545,0.65,2.05,95.5823,-42,-9.69186749152301,-12.4866284550254
100,0,0,33.3295,33.5702,1.57542,0,1.524,15.07,19,90,94.5545,0.65,2.05,95.5823,-41,-9.60601711344584,-12.2966551323029
100,0,0,33.3295,33.5702,1.57542,0,1.524,15.07,19,90,94.5545,0.65,2.05,95.5823,-40,-9.52986146288605,-12.1430495495523
100,0,0,33.3295,33.5702,1.57542,0,1.524,15.07,19,90,94.5545,0.65,2.05,95.5823,-39,-9.4626298804556,-12.0237429928334
100,0,0,33.3295,33.5702,1.57542,0,1.524,15.07,19,90,94.5545,0.65,2.05,95.5823,-38,-9.40351368283342,-11.9368025978326
100,0,0,33.3295,33.5702,1.57542,0,1.524,15.07,19,90,94.5545,0.65,2.05,95.5823,-37,-9.35166412116284,-11.8804227258525
100,0,0,33.3295,33.5702,1.57542,0,1.524,15.07,19,90,94.5545,0.65,2.05,95.5823,-36,-9.3061907979094,-11.8529081486023
100,0,0,33.3295,33.5702,1.57542,0,1.524,15.07,19,90,94.5545,0.65,2.05,95.5823,-35,-9.26616069586591,-11.8526525329087
100,0,0,33.3295,33.5702,1.57542,0,1.524,15.07,19,90,94.5545,0.65,2.05,95.5823,-34,-9.23059800506563,-11.8781141116301
100,0,0,33.3295,33.5702,1.57542,0,1.524,15.07,19,90,94.5545,0.65,2.05,95.5823,-33,-9.19848496519355,-11.9277894991277
100,0,0,33.3295,33.5702,1.57542,0,1.524,15.07,19,90,94.5545,0.65,2.05,95.5823,-32,-9.16876396925354,-12.0001860957578
100,0,0,33.3295,33.5702,1.57542,0,1.524,15.07,19,90,94.5545,0.65,2.05,95.5823,-31,-9.14034119409188,-12.0937932788935
100,0,0,33.3295,33.5702,1.57542,0,1.524,15.07,19,90,94.5545,0.65,2.05,95.5823,-30,-9.11209202901038,-12.2070525201388
100,0,0,33.3295,33.5702,1.57542,0,1.524,15.07,19,90,94.5545,0.65,2.05,95.5823,-29,-9.08286855829842,-12.3383266640865
100,0,0,33.3295,33.5702,1.57542,0,1.524,15.07,19,90,94.5545,0.65,2.05,95.5823,-28,-9.05150930991355,-12.4858688432019
100,0,0,33.3295,33.5702,1.57542,0,1.524,15.07,19,90,94.5545,0.65,2.05,95.5823,-27,-9.0168514042918,-12.6477918899479
100,0,0,33.3295,33.5702,1.57542,0,1.524,15.07,19,90,94.5545,0.65,2.05,95.5823,-26,-8.97774512006419,-12.8220396475681
100,0,0,33.3295,33.5702,1.57542,0,1.524,15.07,19,90,94.5545,0.65,2.05,95.5823,-25,-8.93307073689354,-13.0063622709227
100,0,0,33.3295,33.5702,1.57542,0,1.524,15.07,19,90,94.5545,0.65,2.05,95.5823,-24,-8.88175732500902,-13.1982984165108
100,0,0,33.3295,33.5702,1.57542,0,1.524,15.07,19,90,94.5545,0.65,2.05,95.5823,-23,-8.82280293866009,-13.3951680647199
100,0,0,33.3295,33.5702,1.57542,0,1.524,15.07,19,90,94.5545,0.65,2.05,95.5823,-22,-8.75529545646613,-13.5940804430214
100,0,0,33.3295,33.5702,1.57542,0,1.524,15.07,19,90,94.5545,0.65,2.05,95.5823,-21,-8.67843312170919,-13.7919618829481
100,0,0,33.3295,33.5702,1.57542,0,1.524,15.07,19,90,94.5545,0.65,2.05,95.5823,-20,-8.59154369961616,-13.9856081205623
100,0,0,33.3295,33.5702,1.57542,0,1.524,15.07,19,90,94.5545,0.65,2.05,95.5823,-19,-8.49410111491368,-14.1717641819162
100,0,0,33.3295,33.5702,1.57542,0,1.524,15.07,19,90,94.5545,0.65,2.05,95.5823,-18,-8.38573848264707,-14.3472323035142
100,0,0,33.3295,33.5702,1.57542,0,1.524,15.07,19,90,94.5545,0.65,2.05,95.5823,-17,-8.26625660703162,-14.5090042952605
100,0,0,33.3295,33.5702,1.57542,0,1.524,15.07,19,90,94.5545,0.65,2.05,95.5823,-16,-8.13562728912152,-14.6544097673245
100,0,0,33.3295,33.5702,1.57542,0,1.524,15.07,19,90,94.5545,0.65,2.05,95.5823,-15,-7.99399112941964,-14.7812666568571
100,0,0,33.3295,33.5702,1.57542,0,1.524,15.07,19,90,94.5545,0.65,2.05,95.5823,-14,-7.84164989734528,-14.8880168816708
100,0,0,33.3295,33.5702,1.57542,0,1.524,15.07,19,90,94.5545,0.65,2.05,95.5823,-13,-7.67905391940394,-14.973829143009
100,0,0,33.3295,33.5702,1.57542,0,1.524,15.07,19,90,94.5545,0.65,2.05,95.5823,-12,-7.50678526655595,-15.0386537957001
100,0,0,33.3295,33.5702,1.57542,0,1.524,15.07,19,90,94.5545,0.65,2.05,95.5823,-11,-7.32553776232534,-15.0832211421243
100,0,0,33.3295,33.5702,1.57542,0,1.524,15.07,19,90,94.5545,0.65,2.05,95.5823,-10,-7.13609496525373,-15.1089831208351
100,0,0,33.3295,33.5702,1.57542,0,1.524,15.07,19,90,94.5545,0.65,2.05,95.5823,-9,-6.93930729834059,-15.1180069785989
100,0,0,33.3295,33.5702,1.57542,0,1.524,15.07,19,90,94.5545,0.65,2.05,95.5823,-8,-6.73606941600598,-15.1128359617394
100,0,0,33.3295,33.5702,1.57542,0,1.524,15.07,19,90,94.5545,0.65,2.05,95.5823,-7,-6.52729873939914,-15.0963349695059
100,0,0,33.3295,33.5702,1.57542,0,1.524,15.07,19,90,94.5545,0.65,2.05,95.5823,-6,-6.31391588298508,-15.0715383153001
100,0,0,33.3295,33.5702,1.57542,0,1.524,15.07,19,90,94.5545,0.65,2.05,95.5823,-5,-6.09682746894047,-15.041513135422
100,0,0,33.3295,33.5702,1.57542,0,1.524,15.07,19,90,94.5545,0.65,2.05,95.5823,-4,-5.87691160646931,-15.0092469959068
100,0,0,33.3295,33.5702,1.57542,0,1.524,15.07,19,90,94.5545,0.65,2.05,95.5823,-3,-5.65500611941948,-14.9775632531091
100,0,0,33.3295,33.5702,1.57542,0,1.524,15.07,19,90,94.5545,0.65,2.05,95.5823,-2,-5.4318994487019,-14.9490636688605
100,0,0,33.3295,33.5702,1.57542,0,1.524,15.07,19,90,94.5545,0.65,2.05,95.5823,-1,-5.2083240402268,-14.926095075547
100,0,0,33.3295,33.5702,1.57542,0,1.524,15.07,19,90,94.5545,0.65,2.05,95.5823,0,-4.98495195320247,-14.9107355038113
100,0,0,33.3295,33.5702,1.57542,0,1.524,15.07,19,90,94.5545,0.65,2.05,95.5823,1,-4.76239238290589,-14.904794848225
100,0,0,33.3295,33.5702,1.57542,0,1.524,15.07,19,90,94.5545,0.65,2.05,95.5823,2,-4.54119077974774,-14.9098254966172
100,0,0,33.3295,33.5702,1.57542,0,1.524,15.07,19,90,94.5545,0.65,2.05,95.5823,3,-4.32182925540554,-14.9271390613086
100,0,0,33.3295,33.5702,1.57542,0,1.524,15.07,19,90,94.5545,0.65,2.05,95.5823,4,-4.10472799020871,-14.957826182444
100,0,0,33.3295,33.5702,1.57542,0,1.524,15.07,19,90,94.5545,0.65,2.05,95.5823,5,-3.89024738803198,-15.0027771716827
100,0,0,33.3295,33.5702,1.57542,0,1.524,15.07,19,90,94.5545,0.65,2.05,95.5823,6,-3.67869076110655,-15.0627019493646
100,0,0,33.3295,33.5702,1.57542,0,1.524,15.07,19,90,94.5545,0.65,2.05,95.5823,7,-3.47030736403018,-15.1381482720836
100,0,0,33.3295,33.5702,1.57542,0,1.524,15.07,19,90,94.5545,0.65,2.05,95.5823,8,-3.26529563157186,-15.2295176533096
100,0,0,33.3295,33.5702,1.57542,0,1.524,15.07,19,90,94.5545,0.65,2.05,95.5823,9,-3.06380650723942,-15.3370786656415
100,0,0,33.3295,33.5702,1.57542,0,1.524,15.07,19,90,94.5545,0.65,2.05,95.5823,10,-2.86594677829837,-15.4609775031114
100,0,0,33.3295,33.5702,1.57542,0,1.524,15.07,19,90,94.5545,0.65,2.05,95.5823,11,-2.67178235776783,-15.6012457990464
100,0,0,33.3295,33.5702,1.57542,0,1.524,15.07,19,90,94.5545,0.65,2.05,95.5823,12,-2.48134147495278,-15.757805759775
100,0,0,33.3295,33.5702,1.57542,0,1.524,15.07,19,90,94.5545,0.65,2.05,95.5823,13,-2.29461775355807,-15.9304727035986
100,0,0,33.3295,33.5702,1.57542,0,1.524,15.07,19,90,94.5545,0.65,2.05,95.5823,14,-2.11157317070338,-16.1189551011423
100,0,0,33.3295,33.5702,1.57542,0,1.524,15.07,19,90,94.5545,0.65,2.05,95.5823,15,-1.93214090156561,-16.3228522078195
100,0,0,33.3295,33.5702,1.57542,0,1.524,15.07,19,90,94.5545,0.65,2.05,95.5823,16,-1.75622806322705,-16.5416493702222
100,0,0,33.3295,33.5702,1.57542,0,1.524,15.07,19,90,94.5545,0.65,2.05,95.5823,17,-1.58371837785795,-16.7747110833805
100,0,0,33.3295,33.5702,1.57542,0,1.524,15.07,19,90,94.5545,0.65,2.05,95.5823,18,-1.41447477979818,-17.0212718826985
100,0,0,33.3295,33.5702,1.57542,0,1.524,15.07,19,90,94.5545,0.65,2.05,95.5823,19,-1.24834199354676,-17.2804251816281
100,0,0,33.3295,33.5702,1.57542,0,1.524,15.07,19,90,94.5545,0.65,2.05,95.5823,20,-1.08514911019138,-17.5511102243105
100,0,0,33.3295,33.5702,1.57542,0,1.524,15.07,19,90,94.5545,0.65,2.05,95.5823,21,-0.924712188450387,-17.8320974245282
100,0,0,33.3295,33.5702,1.57542,0,1.524,15.07,19,90,94.5545,0.65,2.05,95.5823,22,-0.766836903283172,-18.1219725241706
100,0,0,33.3295,33.5702,1.57542,0,1.524,15.07,19,90,94.5545,0.65,2.05,95.5823,23,-0.611321259997925,-18.4191202439807
100,0,0,33.3295,33.5702,1.57542,0,1.524,15.07,19,90,94.5545,0.65,2.05,95.5823,24,-0.457958385035301,-18.7217084346237
100,0,0,33.3295,33.5702,1.57542,0,1.524,15.07,19,90,94.5545,0.65,2.05,95.5823,25,-0.306539396295598,-19.0276741805411
100,0,0,33.3295,33.5702,1.57542,0,1.524,15.07,19,90,94.5545,0.65,2.05,95.5823,26,-0.15685634625932,-19.3347138634054
100,0,0,33.3295,33.5702,1.57542,0,1.524,15.07,19,90,94.5545,0.65,2.05,95.5823,27,-0.008705220592555,-19.64027983182
100,0,0,33.3295,33.5702,1.57542,0,1.524,15.07,19,90,94.5545,0.65,2.05,95.5823,28,0.138111036090507,-19.9415869828379
100,0,0,33.3295,33.5702,1.57542,0,1.524,15.07,19,90,94.5545,0.65,2.05,95.5823,29,0.283779506526665,-20.2356331123348
100,0,0,33.3295,33.5702,1.57542,0,1.524,15.07,19,90,94.5545,0.65,2.05,95.5823,30,0.428474348473658,-20.5192371356812
100,0,0,33.3295,33.5702,1.57542,0,1.524,15.07,19,90,94.5545,0.65,2.05,95.5823,31,0.572353961629495,-20.7890989497937
100,0,0,33.3295,33.5702,1.57542,0,1.524,15.07,19,90,94.5545,0.65,2.05,95.5823,32,0.715558338014002,-21.041883506074
100,0,0,33.3295,33.5702,1.57542,0,1.524,15.07,19,90,94.5545,0.65,2.05,95.5823,33,0.85820666347779,-21.2743293543717
100,0,0,33.3295,33.5702,1.57542,0,1.524,15.07,19,90,94.5545,0.65,2.05,95.5823,34,1.00039523806241,-21.483378461296
100,0,0,33.3295,33.5702,1.57542,0,1.524,15.07,19,90,94.5545,0.65,2.05,95.5823,35,1.14219577928456,-21.6663198119003
100,0,0,33.3295,33.5702,1.57542,0,1.524,15.07,19,90,94.5545,0.65,2.05,95.5823,36,1.28365416499057,-21.8209349252923
100,0,0,33.3295,33.5702,1.57542,0,1.524,15.07,19,90,94.5545,0.65,2.05,95.5823,37,1.42478966143365,-21.9456300855482
100,0,0,33.3295,33.5702,1.57542,0,1.524,15.07,19,90,94.5545,0.65,2.05,95.5823,38,1.56559466815785,-22.0395390379434
100,0,0,33.3295,33.5702,1.57542,0,1.524,15.07,19,90,94.5545,0.65,2.05,95.5823,39,1.70603499487294,-22.102581985748
100,0,0,33.3295,33.5702,1.57542,0,1.524,15.07,19,90,94.5545,0.65,2.05,95.5823,40,1.84605066771706,-22.1354719749793
100,0,0,33.3295,33.5702,1.57542,0,1.524,15.07,19,90,94.5545,0.65,2.05,95.5823,41,1.98555724419277,-22.139667182508
100,0,0,33.3295,33.5702,1.57542,0,1.524,15.07,19,90,94.5545,0.65,2.05,95.5823,42,2.12444759871622,-22.1172754599224
100,0,0,33.3295,33.5702,1.57542,0,1.524,15.07,19,90,94.5545,0.65,2.05,95.5823,43,2.26259412516013,-22.070923809087
100,0,0,33.3295,33.5702,1.57542,0,1.524,15.07,19,90,94.5545,0.65,2.05,95.5823,44,2.39985128986426,-22.0036088966495
100,0,0,33.3295,33.5702,1.57542,0,1.524,15.07,19,90,94.5545,0.65,2.05,95.5823,45,2.53605845897236,-21.9185448502539
100,0,0,33.3295,33.5702,1.57542,0,1.524,15.07,19,90,94.5545,0.65,2.05,95.5823,46,2.67104291800872,-21.8190219772137
100,0,0,33.3295,33.5702,1.57542,0,1.524,15.07,19,90,94.5545,0.65,2.05,95.5823,47,2.80462299942715,-21.7082858508182
100,0,0,33.3295,33.5702,1.57542,0,1.524,15.07,19,90,94.5545,0.65,2.05,95.5823,48,2.93661123528848,-21.5894416554679
100,0,0,33.3295,33.5702,1.57542,0,1.524,15.07,19,90,94.5545,0.65,2.05,95.5823,49,3.06681745686453,-21.4653847172282
100,0,0,33.3295,33.5702,1.57542,0,1.524,15.07,19,90,94.5545,0.65,2.05,95.5823,50,3.19505177027833,-21.3387552741395
100,0,0,33.3295,33.5702,1.57542,0,1.524,15.07,19,90,94.5545,0.65,2.05,95.5823,51,3.32112734662298,-21.2119138562639
100,0,0,33.3295,33.5702,1.57542,0,1.524,15.07,19,90,94.5545,0.65,2.05,95.5823,52,3.44486297566815,-21.0869329761502
100,0,0,33.3295,33.5702,1.57542,0,1.524,15.07,19,90,94.5545,0.65,2.05,95.5823,53,3.56608534359912,-20.9656008865194
100,0,0,33.3295,33.5702,1.57542,0,1.524,15.07,19,90,94.5545,0.65,2.05,95.5823,54,3.68463100663527,-20.8494336495125
100,0,0,33.3295,33.5702,1.57542,0,1.524,15.07,19,90,94.5545,0.65,2.05,95.5823,55,3.80034804334018,-20.7396924430767
100,0,0,33.3295,33.5702,1.57542,0,1.524,15.07,19,90,94.5545,0.65,2.05,95.5823,56,3.91309737856941,-20.637403742054
100,0,0,33.3295,33.5702,1.57542,0,1.524,15.07,19,90,94.5545,0.65,2.05,95.5823,57,4.0227537810282,-20.5433806595607
100,0,0,33.3295,33.5702,1.57542,0,1.524,15.07,19,90,94.5545,0.65,2.05,95.5823,58,4.12920654416315,-20.4582442749625
100,0,0,33.3295,33.5702,1.57542,0,1.524,15.07,19,90,94.5545,0.65,2.05,95.5823,59,4.23235986651593,-20.3824441980915
100,0,0,33.3295,33.5702,1.57542,0,1.524,15.07,19,90,94.5545,0.65,2.05,95.5823,60,4.33213295273025,-20.3162779339095
100,0,0,33.3295,33.5702,1.57542,0,1.524,15.07,19,90,94.5545,0.65,2.05,95.5823,61,4.42845986018874,-20.2599088345059
100,0,0,33.3295,33.5702,1.57542,0,1.524,15.07,19,90,94.5545,0.65,2.05,95.5823,62,4.52128911886693,-20.213382575091
100,0,0,33.3295,33.5702,1.57542,0,1.524,15.07,19,90,94.5545,0.65,2.05,95.5823,63,4.6105831535542,-20.1766421851697
100,0,0,33.3295,33.5702,1.57542,0,1.524,15.07,19,90,94.5545,0.65,2.05,95.5823,64,4.69631753824073,-20.149541720271
100,0,0,33.3295,33.5702,1.57542,0,1.524,15.07,19,90,94.5545,0.65,2.05,95.5823,65,4.77848011234127,-20.1318586853272
100,0,0,33.3295,33.5702,1.57542,0,1.524,15.07,19,90,94.5545,0.65,2.05,95.5823,66,4.85706998764804,-20.1233053271085
100,0,0,33.3295,33.5702,1.57542,0,1.524,15.07,19,90,94.5545,0.65,2.05,95.5823,67,4.93209647359396,-20.1235389067415
100,0,0,33.3295,33.5702,1.57542,0,1.524,15.07,19,90,94.5545,0.65,2.05,95.5823,68,5.00357794666724,-20.1321710492073
100,0,0,33.3295,33.5702,1.57542,0,1.524,15.07,19,90,94.5545,0.65,2.05,95.5823,69,5.07154068774259,-20.1487762483908
100,0,0,33.3295,33.5702,1.57542,0,1.524,15.07,19,90,94.5545,0.65,2.05,95.5823,70,5.13601770876428,-20.1728995863547
100,0,0,33.3295,33.5702,1.57542,0,1.524,15.07,19,90,94.5545,0.65,2.05,95.5823,71,5.19704758770573,-20.2040637059537
100,0,0,33.3295,33.5702,1.57542,0,1.524,15.07,19,90,94.5545,0.65,2.05,95.5823,72,5.25467332810691,-20.2417750581115
100,0,0,33.3295,33.5702,1.57542,0,1.524,15.07,19,90,94.5545,0.65,2.05,95.5823,73,5.30894125681659,-20.2855294301322
100,0,0,33.3295,33.5702,1.57542,0,1.524,15.07,19,90,94.5545,0.65,2.05,95.5823,74,5.35989997090322,-20.3348167500626
100,0,0,33.3295,33.5702,1.57542,0,1.524,15.07,19,90,94.5545,0.65,2.05,95.5823,75,5.40759934210269,-20.3891251548933
100,0,0,33.3295,33.5702,1.57542,0,1.524,15.07,19,90,94.5545,0.65,2.05,95.5823,76,5.45208958470093,-20.4479443075595
100,0,0,33.3295,33.5702,1.57542,0,1.524,15.07,19,90,94.5545,0.65,2.05,95.5823,77,5.49342039045813,-20.5107679493363
100,0,0,33.3295,33.5702,1.57542,0,1.524,15.07,19,90,94.5545,0.65,2.05,95.5823,78,5.53164013212029,-20.577095680161
100,0,0,33.3295,33.5702,1.57542,0,1.524,15.07,19,90,94.5545,0.65,2.05,95.5823,79,5.56679513527922,-20.6464339693359
100,0,0,33.3295,33.5702,1.57542,0,1.524,15.07,19,90,94.5545,0.65,2.05,95.5823,80,5.59892901687384,-20.7182964124844
100,0,0,33.3295,33.5702,1.57542,0,1.524,15.07,19,90,94.5545,0.65,2.05,95.5823,81,5.62808208750566,-20.7922032670047
100,0,0,33.3295,33.5702,1.57542,0,1.524,15.07,19,90,94.5545,0.65,2.05,95.5823,82,5.65429081399166,-20.8676803170179
100,0,0,33.3295,33.5702,1.57542,0,1.524,15.07,19,90,94.5545,0.65,2.05,95.5823,83,5.67758733820994,-20.9442571393989
100,0,0,33.3295,33.5702,1.57542,0,1.524,15.07,19,90,94.5545,0.65,2.05,95.5823,84,5.69799904830498,-21.0214648644775
100,0,0,33.3295,33.5702,1.57542,0,1.524,15.07,19,90,94.5545,0.65,2.05,95.5823,85,5.71554819869859,-21.0988335480686
100,0,0,33.3295,33.5702,1.57542,0,1.524,15.07,19,90,94.5545,0.65,2.05,95.5823,86,5.73025157606895,-21.1758892954087
100,0,0,33.3295,33.5702,1.57542,0,1.524,15.07,19,90,94.5545,0.65,2.05,95.5823,87,5.74212020947764,-21.2521513021486
100,0,0,33.3295,33.5702,1.57542,0,1.524,15.07,19,90,94.5545,0.65,2.05,95.5823,88,5.75115912408782,-21.3271290025127
100,0,0,33.3295,33.5702,1.57542,0,1.524,15.07,19,90,94.5545,0.65,2.05,95.5823,89,5.75736713936618,-21.4003195395887
100,0,0,33.3295,33.5702,1.57542,0,1.524,15.07,19,90,94.5545,0.65,2.05,95.5823,90,5.76073671422379,-21.4712057965153
100,0,0,33.3295,33.5702,1.57542,0,1.524,15.07,19,90,94.5545,0.65,2.05,95.5823,91,5.76125384314994,-21.5392552485034
100,0,0,33.3295,33.5702,1.57542,0,1.524,15.07,19,90,94.5545,0.65,2.05,95.5823,92,5.75889800894639,-21.6039199117043
100,0,0,33.3295,33.5702,1.57542,0,1.524,15.07,19,90,94.5545,0.65,2.05,95.5823,93,5.75364219909405,-21.664637672484
100,0,0,33.3295,33.5702,1.57542,0,1.524,15.07,19,90,94.5545,0.65,2.05,95.5823,94,5.7454529939995,-21.72083527524
100,0,0,33.3295,33.5702,1.57542,0,1.524,15.07,19,90,94.5545,0.65,2.05,95.5823,95,5.73429073629903,-21.7719332232589
100,0,0,33.3295,33.5702,1.57542,0,1.524,15.07,19,90,94.5545,0.65,2.05,95.5823,96,5.72010979097526,-21.8173527997414
100,0,0,33.3295,33.5702,1.57542,0,1.524,15.07,19,90,94.5545,0.65,2.05,95.5823,97,5.70285890620863,-21.8565253399836
100,0,0,33.3295,33.5702,1.57542,0,1.524,15.07,19,90,94.5545,0.65,2.05,95.5823,98,5.68248168459949,-21.8889037774812
100,0,0,33.3295,33.5702,1.57542,0,1.524,15.07,19,90,94.5545,0.65,2.05,95.5823,99,5.65891717362716,-21.913976346159
100,0,0,33.3295,33.5702,1.57542,0,1.524,15.07,19,90,94.5545,0.65,2.05,95.5823,100,5.63210058294489,-21.931282152294
100,0,0,33.3295,33.5702,1.57542,0,1.524,15.07,19,90,94.5545,0.65,2.05,95.5823,101,5.60196413434741,-21.9404281429201
100,0,0,33.3295,33.5702,1.57542,0,1.524,15.07,19,90,94.5545,0.65,2.05,95.5823,102,5.56843804800611,-21.9411068085134
100,0,0,33.3295,33.5702,1.57542,0,1.524,15.07,19,90,94.5545,0.65,2.05,95.5823,103,5.53145166587399,-21.9331137877623
100,0,0,33.3295,33.5702,1.57542,0,1.524,15.07,19,90,94.5545,0.65,2.05,95.5823,104,5.49093471005947,-21.9163644154264
100,0,0,33.3295,33.5702,1.57542,0,1.524,15.07,19,90,94.5545,0.65,2.05,95.5823,105,5.44681867050056,-21.8909081942945
100,0,0,33.3295,33.5702,1.57542,0,1.524,15.07,19,90,94.5545,0.65,2.05,95.5823,106,5.39903831249127,-21.8569401974788
100,0,0,33.3295,33.5702,1.57542,0,1.524,15.07,19,90,94.5545,0.65,2.05,95.5823,107,5.34753329057471,-21.8148085264835
100,0,0,33.3295,33.5702,1.57542,0,1.524,15.07,19,90,94.5545,0.65,2.05,95.5823,108,5.29224985107658,-21.7650171593634
100,0,0,33.3295,33.5702,1.57542,0,1.524,15.07,19,90,94.5545,0.65,2.05,95.5823,109,5.23314260116432,-21.7082238035047
100,0,0,33.3295,33.5702,1.57542,0,1.524,15.07,19,90,94.5545,0.65,2.05,95.5823,110,5.17017631783629,-21.6452326886305
100,0,0,33.3295,33.5702,1.57542,0,1.524,15.07,19,90,94.5545,0.65,2.05,95.5823,111,5.10332776573333,-21.5769825596275
100,0,0,33.3295,33.5702,1.57542,0,1.524,15.07,19,90,94.5545,0.65,2.05,95.5823,112,5.03258748819209,-21.5045304167917
100,0,0,33.3295,33.5702,1.57542,0,1.524,15.07,19,90,94.5545,0.65,2.05,95.5823,113,4.95796153161009,-21.4290317699003
100,0,0,33.3295,33.5702,1.57542,0,1.524,15.07,19,90,94.5545,0.65,2.05,95.5823,114,4.87947305908101,-21.3517182999954
100,0,0,33.3295,33.5702,1.57542,0,1.524,15.07,19,90,94.5545,0.65,2.05,95.5823,115,4.79716380552733,-21.2738738505271
100,0,0,33.3295,33.5702,1.57542,0,1.524,15.07,19,90,94.5545,0.65,2.05,95.5823,116,4.71109532339945,-21.1968096027197
100,0,0,33.3295,33.5702,1.57542,0,1.524,15.07,19,90,94.5545,0.65,2.05,95.5823,117,4.62134996566532,-21.121839144653
100,0,0,33.3295,33.5702,1.57542,0,1.524,15.07,19,90,94.5545,0.65,2.05,95.5823,118,4.52803155158158,-21.0502539420283
100,0,0,33.3295,33.5702,1.57542,0,1.524,15.07,19,90,94.5545,0.65,2.05,95.5823,119,4.43126566097085,-20.9832994853294
100,0,0,33.3295,33.5702,1.57542,0,1.524,15.07,19,90,94.5545,0.65,2.05,95.5823,120,4.33119950482842,-20.9221521456529
100,0,0,33.3295,33.5702,1.57542,0,1.524,15.07,19,90,94.5545,0.65,2.05,95.5823,121,4.22800132447497,-20.8678965383016
100,0,0,33.3295,33.5702,1.57542,0,1.524,15.07,19,90,94.5545,0.65,2.05,95.5823,122,4.12185927858089,-20.8215029829144
100,0,0,33.3295,33.5702,1.57542,0,1.524,15.07,19,90,94.5545,0.65,2.05,95.5823,123,4.01297978758596,-20.7838044712195
100,0,0,33.3295,33.5702,1.57542,0,1.524,15.07,19,90,94.5545,0.65,2.05,95.5823,124,3.90158531859106,-20.7554724165511
100,0,0,33.3295,33.5702,1.57542,0,1.524,15.07,19,90,94.5545,0.65,2.05,95.5823,125,3.78791161079443,-20.7369903728336
100,0,0,33.3295,33.5702,1.57542,0,1.524,15.07,19,90,94.5545,0.65,2.05,95.5823,126,3.67220436182775,-20.7286248902082
100,0,0,33.3295,33.5702,1.57542,0,1.524,15.07,19,90,94.5545,0.65,2.05,95.5823,127,3.55471541844179,-20.7303927455671
100,0,0,33.3295,33.5702,1.57542,0,1.524,15.07,19,90,94.5545,0.65,2.05,95.5823,128,3.4356985400614,-20.742023989833
100,0,0,33.3295,33.5702,1.57542,0,1.524,15.07,19,90,94.5545,0.65,2.05,95.5823,129,3.31540482954759,-20.7629206502912
100,0,0,33.3295,33.5702,1.57542,0,1.524,15.07,19,90,94.5545,0.65,2.05,95.5823,130,3.19407795048477,-20.79211159755
100,0,0,33.3295,33.5702,1.57542,0,1.524,15.07,19,90,94.5545,0.65,2.05,95.5823,131,3.07194927257682,-20.8282051321963
100,0,0,33.3295,33.5702,1.57542,0,1.524,15.07,19,90,94.5545,0.65,2.05,95.5823,132,2.94923310426054,-20.8693423664584
100,0,0,33.3295,33.5702,1.57542,0,1.524,15.07,19,90,94.5545,0.65,2.05,95.5823,133,2.82612218244121,-20.9131565350281
100,0,0,33.3295,33.5702,1.57542,0,1.524,15.07,19,90,94.5545,0.65,2.05,95.5823,134,2.70278359159465,-20.9567459237646
100,0,0,33.3295,33.5702,1.57542,0,1.524,15.07,19,90,94.5545,0.65,2.05,95.5823,135,2.57935527713922,-20.9966708983725
100,0,0,33.3295,33.5702,1.57542,0,1.524,15.07,19,90,94.5545,0.65,2.05,95.5823,136,2.45594330044372,-21.0289879446639
100,0,0,33.3295,33.5702,1.57542,0,1.524,15.07,19,90,94.5545,0.65,2.05,95.5823,137,2.33261995545086,-21.0493346470847
100,0,0,33.3295,33.5702,1.57542,0,1.524,15.07,19,90,94.5545,0.65,2.05,95.5823,138,2.20942283092369,-21.0530776746557
100,0,0,33.3295,33.5702,1.57542,0,1.524,15.07,19,90,94.5545,0.65,2.05,95.5823,139,2.08635485988247,-21.0355295903684
100,0,0,33.3295,33.5702,1.57542,0,1.524,15.07,19,90,94.5545,0.65,2.05,95.5823,140,1.96338535169026,-20.9922288251973
100,0,0,33.3295,33.5702,1.57542,0,1.524,15.07,19,90,94.5545,0.65,2.05,95.5823,141,1.84045195567098,-20.9192613970102
100,0,0,33.3295,33.5702,1.57542,0,1.524,15.07,19,90,94.5545,0.65,2.05,95.5823,142,1.71746346138264,-20.8135864372003
100,0,0,33.3295,33.5702,1.57542,0,1.524,15.07,19,90,94.5545,0.65,2.05,95.5823,143,1.59430330273117,-20.6733161482497
100,0,0,33.3295,33.5702,1.57542,0,1.524,15.07,19,90,94.5545,0.65,2.05,95.5823,144,1.47083360344343,-20.4979005395342
100,0,0,33.3295,33.5702,1.57542,0,1.524,15.07,19,90,94.5545,0.65,2.05,95.5823,145,1.34689958168412,-20.2881811998124
100,0,0,33.3295,33.5702,1.57542,0,1.524,15.07,19,90,94.5545,0.65,2.05,95.5823,146,1.22233412258095,-20.0463038042883
100,0,0,33.3295,33.5702,1.57542,0,1.524,15.07,19,90,94.5545,0.65,2.05,95.5823,147,1.09696232901858,-19.7755079822501
100,0,0,33.3295,33.5702,1.57542,0,1.524,15.07,19,90,94.5545,0.65,2.05,95.5823,148,0.970605872416636,-19.4798358217766
100,0,0,33.3295,33.5702,1.57542,0,1.524,15.07,19,90,94.5545,0.65,2.05,95.5823,149,0.843086984879983,-19.1638099712547
100,0,0,33.3295,33.5702,1.57542,0,1.524,15.07,19,90,94.5545,0.65,2.05,95.5823,150,0.714231960295183,-18.8321281782907
100,0,0,33.3295,33.5702,1.57542,0,1.524,15.07,19,90,94.5545,0.65,2.05,95.5823,151,0.583874062691438,-18.4894074733393
100,0,0,33.3295,33.5702,1.57542,0,1.524,15.07,19,90,94.5545,0.65,2.05,95.5823,152,0.451855773561976,-18.13999438452
100,0,0,33.3295,33.5702,1.57542,0,1.524,15.07,19,90,94.5545,0.65,2.05,95.5823,153,0.318030344097404,-17.7878428406145
100,0,0,33.3295,33.5702,1.57542,0,1.524,15.07,19,90,94.5545,0.65,2.05,95.5823,154,0.182262651900423,-17.4364514995452
100,0,0,33.3295,33.5702,1.57542,0,1.524,15.07,19,90,94.5545,0.65,2.05,95.5823,155,0.0444293934907485,-17.0888474277205
100,0,0,33.3295,33.5702,1.57542,0,1.524,15.07,19,90,94.5545,0.65,2.05,95.5823,156,-0.0955813272165262,-16.7476022135737
100,0,0,33.3295,33.5702,1.57542,0,1.524,15.07,19,90,94.5545,0.65,2.05,95.5823,157,-0.237870929026547,-16.414868162088
100,0,0,33.3295,33.5702,1.57542,0,1.524,15.07,19,90,94.5545,0.65,2.05,95.5823,158,-0.382531695702515,-16.0924248296497
100,0,0,33.3295,33.5702,1.57542,0,1.524,15.07,19,90,94.5545,0.65,2.05,95.5823,159,-0.529648407465901,-15.7817289074808
100,0,0,33.3295,33.5702,1.57542,0,1.524,15.07,19,90,94.5545,0.65,2.05,95.5823,160,-0.679300127485845,-15.4839628607623
100,0,0,33.3295,33.5702,1.57542,0,1.524,15.07,19,90,94.5545,0.65,2.05,95.5823,161,-0.831562002853305,-15.2000795995624
100,0,0,33.3295,33.5702,1.57542,0,1.524,15.07,19,90,94.5545,0.65,2.05,95.5823,162,-0.986506938564693,-14.9308417960118
100,0,0,33.3295,33.5702,1.57542,0,1.524,15.07,19,90,94.5545,0.65,2.05,95.5823,163,-1.1442070072534,-14.6768553517721
100,0,0,33.3295,33.5702,1.57542,0,1.524,15.07,19,90,94.5545,0.65,2.05,95.5823,164,-1.30473446654862,-14.4385970661739
100,0,0,33.3295,33.5702,1.57542,0,1.524,15.07,19,90,94.5545,0.65,2.05,95.5823,165,-1.4681622695542,-14.2164368572121
100,0,0,33.3295,33.5702,1.57542,0,1.524,15.07,19,90,94.5545,0.65,2.05,95.5823,166,-1.63456397136998,-14.010655025074
100,0,0,33.3295,33.5702,1.57542,0,1.524,15.07,19,90,94.5545,0.65,2.05,95.5823,167,-1.80401295499548,-13.8214550808753
100,0,0,33.3295,33.5702,1.57542,0,1.524,15.07,19,90,94.5545,0.65,2.05,95.5823,168,-1.97658092240863,-13.6489726338543
100,0,0,33.3295,33.5702,1.57542,0,1.524,15.07,19,90,94.5545,0.65,2.05,95.5823,169,-2.15233562010211,-13.4932807666891
100,0,0,33.3295,33.5702,1.57542,0,1.524,15.07,19,90,94.5545,0.65,2.05,95.5823,170,-2.33133779193877,-13.3543922492893
100,0,0,33.3295,33.5702,1.57542,0,1.524,15.07,19,90,94.5545,0.65,2.05,95.5823,171,-2.51363737505736,-13.2322588581989
100,0,0,33.3295,33.5702,1.57542,0,1.524,15.07,19,90,94.5545,0.65,2.05,95.5823,172,-2.69926897617383,-13.126767989496
100,0,0,33.3295,33.5702,1.57542,0,1.524,15.07,19,90,94.5545,0.65,2.05,95.5823,173,-2.88824668576434,-13.0377366835993
100,0,0,33.3295,33.5702,1.57542,0,1.524,15.07,19,90,94.5545,0.65,2.05,95.5823,174,-3.08055830645212,-12.964903126034
100,0,0,33.3295,33.5702,1.57542,0,1.524,15.07,19,90,94.5545,0.65,2.05,95.5823,175,-3.27615909001919,-12.9079156550378
100,0,0,33.3295,33.5702,1.57542,0,1.524,15.07,19,90,94.5545,0.65,2.05,95.5823,176,-3.4749650957713,-12.8663193027579
100,0,0,33.3295,33.5702,1.57542,0,1.524,15.07,19,90,94.5545,0.65,2.05,95.5823,177,-3.6768463027482,-12.8395399322337
100,0,0,33.3295,33.5702,1.57542,0,1.524,15.07,19,90,94.5545,0.65,2.05,95.5823,178,-3.88161963092358,-12.8268661212067
100,0,0,33.3295,33.5702,1.57542,0,1.524,15.07,19,90,94.5545,0.65,2.05,95.5823,179,-4.08904205351609,-12.8274291033837
100,0,0,33.3295,33.5702,1.57542,0,1.524,15.07,19,90,94.5545,0.65,2.05,95.5823,180,-4.2988040150409,-12.8401813281764
